1724518764,63969028,gpsid,0,0,51.589745,-0.229886,0.0,0.0,0.0,0.0,0.0,0.0,0.0,0.0,0.0,0.0,0
1724518764,564226027,gpsid,0,0,51.589745,-0.229886,0.0,0.0,0.0,0.0,0.0,0.0,0.0,0.0,0.0,0.0,0
1724518765,64051583,gpsid,0,0,51.589745,-0.229886,0.0,0.0,0.0,0.0,0.0,0.0,0.0,0.0,0.0,0.0,0
1724518765,564182842,gpsid,0,0,51.589746,-0.229886,0.0,0.0,0.0,0.0,0.0,0.0,0.0,0.0,0.0,0.0,0
1724518766,63966508,gpsid,0,0,51.589746,-0.229886,0.0,0.0,0.0,0.0,0.0,0.0,0.0,0.0,0.0,0.0,0
1724518766,564142397,gpsid,0,0,51.589748,-0.229886,0.0,0.0,0.0,0.0,0.0,0.0,0.0,0.0,0.0,0.0,0
1724518767,64089026,gpsid,0,0,51.589748,-0.229886,0.0,0.0,0.0,0.0,0.0,0.0,0.0,0.0,0.0,0.0,0
1724518767,564146840,gpsid,0,0,51.589748,-0.229885,0.0,0.0,0.0,0.0,0.0,0.0,0.0,0.0,0.0,0.0,0
1724518768,64414599,gpsid,0,0,51.589748,-0.229885,0.0,0.0,0.0,0.0,0.0,0.0,0.0,0.0,0.0,0.0,0
1724518768,564085895,gpsid,0,0,51.58975,-0.229886,0.0,0.0,0.0,0.0,0.0,0.0,0.0,0.0,0.0,0.0,0
1724518769,63996154,gpsid,0,0,51.58975,-0.229886,0.0,0.0,0.0,0.0,0.0,0.0,0.0,0.0,0.0,0.0,0
1724518769,564985987,gpsid,0,0,51.58975,-0.229886,0.0,0.0,0.0,0.0,0.0,0.0,0.0,0.0,0.0,0.0,0
1724518770,65001043,gpsid,0,0,51.58975,-0.229886,0.0,0.0,0.0,0.0,0.0,0.0,0.0,0.0,0.0,0.0,0
1724518770,564121450,gpsid,0,0,51.58975,-0.229886,0.0,0.0,0.0,0.0,0.0,0.0,0.0,0.0,0.0,0.0,0
1724518771,64034227,gpsid,0,0,51.58975,-0.229886,0.0,0.0,0.0,0.0,0.0,0.0,0.0,0.0,0.0,0.0,0
1724518771,564086616,gpsid,0,0,51.58975,-0.229886,0.0,0.0,0.0,0.0,0.0,0.0,0.0,0.0,0.0,0.0,0
1724518772,64026227,gpsid,0,0,51.58975,-0.229886,0.0,0.0,0.0,0.0,0.0,0.0,0.0,0.0,0.0,0.0,0
1724518772,564102893,gpsid,0,0,51.589751,-0.22989,0.0,0.0,0.0,0.0,0.0,0.0,0.0,0.0,0.0,0.0,0
1724518773,64055652,gpsid,0,0,51.589751,-0.22989,0.0,0.0,0.0,0.0,0.0,0.0,0.0,0.0,0.0,0.0,0
1724518773,565729392,gpsid,0,0,51.58975,-0.229891,0.0,0.0,0.0,0.0,0.0,0.0,0.0,0.0,0.0,0.0,0
1724518774,64049503,gpsid,0,0,51.58975,-0.229891,0.0,0.0,0.0,0.0,0.0,0.0,0.0,0.0,0.0,0.0,0
1724518774,564256892,gpsid,0,0,51.589748,-0.22989,0.0,0.0,0.0,0.0,0.0,0.0,0.0,0.0,0.0,0.0,0
1724518775,64060206,gpsid,0,0,51.589748,-0.22989,0.0,0.0,0.0,0.0,0.0,0.0,0.0,0.0,0.0,0.0,0
1724518775,564185039,gpsid,0,0,51.589746,-0.229873,0.0,0.0,0.0,0.0,0.0,0.0,0.0,0.0,0.0,0.0,0
1724518776,64163132,gpsid,0,0,51.589746,-0.229873,0.0,0.0,0.0,0.0,0.0,0.0,0.0,0.0,0.0,0.0,0
1724518776,564091687,gpsid,0,0,51.58975,-0.229855,0.0,0.0,0.0,0.0,0.0,0.0,0.0,0.0,0.0,0.0,0
1724518777,64133057,gpsid,0,0,51.58975,-0.229855,0.0,0.0,0.0,0.0,0.0,0.0,0.0,0.0,0.0,0.0,0
1724518777,564098723,gpsid,0,0,51.589751,-0.229838,0.0,0.0,0.0,0.0,0.0,0.0,0.0,0.0,0.0,0.0,0
1724518778,64054723,gpsid,0,0,51.589751,-0.229838,0.0,0.0,0.0,0.0,0.0,0.0,0.0,0.0,0.0,0.0,0
1724518778,564164167,gpsid,0,0,51.589751,-0.22982,0.0,0.0,0.0,0.0,0.0,0.0,0.0,0.0,0.0,0.0,0
1724518779,64023019,gpsid,0,0,51.589751,-0.22982,0.0,0.0,0.0,0.0,0.0,0.0,0.0,0.0,0.0,0.0,0
1724518779,564086852,gpsid,0,0,51.58975,-0.229801,0.0,0.0,0.0,0.0,0.0,0.0,0.0,0.0,0.0,0.0,0
1724518780,63976500,gpsid,0,0,51.58975,-0.229801,0.0,0.0,0.0,0.0,0.0,0.0,0.0,0.0,0.0,0.0,0
1724518780,564093592,gpsid,0,0,51.589748,-0.229783,0.0,0.0,0.0,0.0,0.0,0.0,0.0,0.0,0.0,0.0,0
1724518781,63997295,gpsid,0,0,51.589748,-0.229783,0.0,0.0,0.0,0.0,0.0,0.0,0.0,0.0,0.0,0.0,0
1724518781,564137480,gpsid,0,0,51.589751,-0.229765,0.0,0.0,0.0,0.0,0.0,0.0,0.0,0.0,0.0,0.0,0
1724518782,64021147,gpsid,0,0,51.589751,-0.229765,0.0,0.0,0.0,0.0,0.0,0.0,0.0,0.0,0.0,0.0,0
1724518782,564115257,gpsid,0,0,51.589755,-0.229751,0.0,0.0,0.0,0.0,0.0,0.0,0.0,0.0,0.0,0.0,0
1724518783,63991350,gpsid,0,0,51.589755,-0.229751,0.0,0.0,0.0,0.0,0.0,0.0,0.0,0.0,0.0,0.0,0
1724518783,564072312,gpsid,0,0,51.589763,-0.229736,0.0,0.0,0.0,0.0,0.0,0.0,0.0,0.0,0.0,0.0,0
1724518784,64540960,gpsid,0,0,51.589763,-0.229736,0.0,0.0,0.0,0.0,0.0,0.0,0.0,0.0,0.0,0.0,0
1724518784,564100719,gpsid,0,0,51.589775,-0.22973,0.0,0.0,0.0,0.0,0.0,0.0,0.0,0.0,0.0,0.0,0
1724518785,64668071,gpsid,0,0,51.589775,-0.22973,0.0,0.0,0.0,0.0,0.0,0.0,0.0,0.0,0.0,0.0,0
1724518785,564525607,gpsid,0,0,51.589786,-0.229723,0.0,0.0,0.0,0.0,0.0,0.0,0.0,0.0,0.0,0.0,0
1724518786,64610218,gpsid,0,0,51.589786,-0.229723,0.0,0.0,0.0,0.0,0.0,0.0,0.0,0.0,0.0,0.0,0
1724518786,564128125,gpsid,0,0,51.589803,-0.229716,0.0,0.0,0.0,0.0,0.0,0.0,0.0,0.0,0.0,0.0,0
1724518787,63983477,gpsid,0,0,51.589803,-0.229716,0.0,0.0,0.0,0.0,0.0,0.0,0.0,0.0,0.0,0.0,0
1724518787,564052236,gpsid,0,0,51.589813,-0.229726,0.0,0.0,0.0,0.0,0.0,0.0,0.0,0.0,0.0,0.0,0
1724518788,64534162,gpsid,0,0,51.589813,-0.229726,0.0,0.0,0.0,0.0,0.0,0.0,0.0,0.0,0.0,0.0,0
1724518788,564097346,gpsid,0,0,51.589823,-0.229718,0.0,0.0,0.0,0.0,0.0,0.0,0.0,0.0,0.0,0.0,0
1724518789,64071791,gpsid,0,0,51.589823,-0.229718,0.0,0.0,0.0,0.0,0.0,0.0,0.0,0.0,0.0,0.0,0
1724518789,564153031,gpsid,0,0,51.589833,-0.229718,0.0,0.0,0.0,0.0,0.0,0.0,0.0,0.0,0.0,0.0,0
1724518790,64093883,gpsid,0,0,51.589833,-0.229718,0.0,0.0,0.0,0.0,0.0,0.0,0.0,0.0,0.0,0.0,0
1724518790,564076067,gpsid,0,0,51.589843,-0.229711,0.0,0.0,0.0,0.0,0.0,0.0,0.0,0.0,0.0,0.0,0
1724518791,63782678,gpsid,0,0,51.589843,-0.229711,0.0,0.0,0.0,0.0,0.0,0.0,0.0,0.0,0.0,0.0,0
1724518791,564143585,gpsid,0,0,51.589851,-0.22971,0.0,0.0,0.0,0.0,0.0,0.0,0.0,0.0,0.0,0.0,0
1724518792,64161955,gpsid,0,0,51.589851,-0.22971,0.0,0.0,0.0,0.0,0.0,0.0,0.0,0.0,0.0,0.0,0
1724518792,564313585,gpsid,0,0,51.58986,-0.22971,0.0,0.0,0.0,0.0,0.0,0.0,0.0,0.0,0.0,0.0,0
1724518793,63951251,gpsid,0,0,51.58986,-0.22971,0.0,0.0,0.0,0.0,0.0,0.0,0.0,0.0,0.0,0.0,0
1724518793,564094251,gpsid,0,0,51.589871,-0.229705,0.0,0.0,0.0,0.0,0.0,0.0,0.0,0.0,0.0,0.0,0
1724518794,64494954,gpsid,0,0,51.589871,-0.229705,0.0,0.0,0.0,0.0,0.0,0.0,0.0,0.0,0.0,0.0,0
1724518794,564219065,gpsid,0,0,51.589886,-0.229706,0.0,0.0,0.0,0.0,0.0,0.0,0.0,0.0,0.0,0.0,0
1724518795,64039787,gpsid,0,0,51.589886,-0.229706,0.0,0.0,0.0,0.0,0.0,0.0,0.0,0.0,0.0,0.0,0
1724518795,564150027,gpsid,0,0,51.589898,-0.229708,0.0,0.0,0.0,0.0,0.0,0.0,0.0,0.0,0.0,0.0,0
1724518796,63937083,gpsid,0,0,51.589898,-0.229708,0.0,0.0,0.0,0.0,0.0,0.0,0.0,0.0,0.0,0.0,0
1724518796,564060156,gpsid,0,0,51.589908,-0.22971,0.0,0.0,0.0,0.0,0.0,0.0,0.0,0.0,0.0,0.0,0
1724518797,63596564,gpsid,0,0,51.589908,-0.22971,0.0,0.0,0.0,0.0,0.0,0.0,0.0,0.0,0.0,0.0,0
1724518797,564097600,gpsid,0,0,51.589918,-0.229708,0.0,0.0,0.0,0.0,0.0,0.0,0.0,0.0,0.0,0.0,0
1724518798,63919026,gpsid,0,0,51.589918,-0.229708,0.0,0.0,0.0,0.0,0.0,0.0,0.0,0.0,0.0,0.0,0
1724518798,564025007,gpsid,0,0,51.58993,-0.22971,0.0,0.0,0.0,0.0,0.0,0.0,0.0,0.0,0.0,0.0,0
1724518799,63930655,gpsid,0,0,51.58993,-0.22971,0.0,0.0,0.0,0.0,0.0,0.0,0.0,0.0,0.0,0.0,0
1724518799,564079673,gpsid,0,0,51.589941,-0.229705,0.0,0.0,0.0,0.0,0.0,0.0,0.0,0.0,0.0,0.0,0
1724518800,63937932,gpsid,0,0,51.589941,-0.229705,0.0,0.0,0.0,0.0,0.0,0.0,0.0,0.0,0.0,0.0,0
1724518800,564153506,gpsid,0,0,51.58995,-0.229701,0.0,0.0,0.0,0.0,0.0,0.0,0.0,0.0,0.0,0.0,0
1724518801,65507691,gpsid,0,0,51.58995,-0.229701,0.0,0.0,0.0,0.0,0.0,0.0,0.0,0.0,0.0,0.0,0
1724518801,564064357,gpsid,0,0,51.589958,-0.229705,0.0,0.0,0.0,0.0,0.0,0.0,0.0,0.0,0.0,0.0,0
1724518802,63924764,gpsid,0,0,51.589958,-0.229705,0.0,0.0,0.0,0.0,0.0,0.0,0.0,0.0,0.0,0.0,0
1724518802,564078949,gpsid,0,0,51.589968,-0.229706,0.0,0.0,0.0,0.0,0.0,0.0,0.0,0.0,0.0,0.0,0
1724518803,63993727,gpsid,0,0,51.589968,-0.229706,0.0,0.0,0.0,0.0,0.0,0.0,0.0,0.0,0.0,0.0,0
1724518803,564314541,gpsid,0,0,51.589975,-0.229703,0.0,0.0,0.0,0.0,0.0,0.0,0.0,0.0,0.0,0.0,0
1724518804,63986189,gpsid,0,0,51.589975,-0.229703,0.0,0.0,0.0,0.0,0.0,0.0,0.0,0.0,0.0,0.0,0
1724518804,564066670,gpsid,0,0,51.589981,-0.229706,0.0,0.0,0.0,0.0,0.0,0.0,0.0,0.0,0.0,0.0,0
1724518805,63946911,gpsid,0,0,51.589981,-0.229706,0.0,0.0,0.0,0.0,0.0,0.0,0.0,0.0,0.0,0.0,0
1724518805,564120577,gpsid,0,0,51.589986,-0.229706,0.0,0.0,0.0,0.0,0.0,0.0,0.0,0.0,0.0,0.0,0
1724518806,64970799,gpsid,0,0,51.589986,-0.229706,0.0,0.0,0.0,0.0,0.0,0.0,0.0,0.0,0.0,0.0,0
1724518806,564500410,gpsid,0,0,51.589991,-0.22971,0.0,0.0,0.0,0.0,0.0,0.0,0.0,0.0,0.0,0.0,0
1724518807,63975835,gpsid,0,0,51.589991,-0.22971,0.0,0.0,0.0,0.0,0.0,0.0,0.0,0.0,0.0,0.0,0
1724518807,564089428,gpsid,0,0,51.589998,-0.22971,0.0,0.0,0.0,0.0,0.0,0.0,0.0,0.0,0.0,0.0,0
1724518808,63953483,gpsid,0,0,51.589998,-0.22971,0.0,0.0,0.0,0.0,0.0,0.0,0.0,0.0,0.0,0.0,0
1724518808,564092927,gpsid,0,0,51.590005,-0.22971,0.0,0.0,0.0,0.0,0.0,0.0,0.0,0.0,0.0,0.0,0
1724518809,63993890,gpsid,0,0,51.590005,-0.22971,0.0,0.0,0.0,0.0,0.0,0.0,0.0,0.0,0.0,0.0,0
1724518809,564181464,gpsid,0,0,51.59001,-0.229711,0.0,0.0,0.0,0.0,0.0,0.0,0.0,0.0,0.0,0.0,0
1724518810,64034037,gpsid,0,0,51.59001,-0.229711,0.0,0.0,0.0,0.0,0.0,0.0,0.0,0.0,0.0,0.0,0
1724518810,564081426,gpsid,0,0,51.590011,-0.229711,0.0,0.0,0.0,0.0,0.0,0.0,0.0,0.0,0.0,0.0,0
1724518811,64067777,gpsid,0,0,51.590011,-0.229711,0.0,0.0,0.0,0.0,0.0,0.0,0.0,0.0,0.0,0.0,0
1724518811,564103222,gpsid,0,0,51.590015,-0.229713,0.0,0.0,0.0,0.0,0.0,0.0,0.0,0.0,0.0,0.0,0
1724518812,64078832,gpsid,0,0,51.590015,-0.229713,0.0,0.0,0.0,0.0,0.0,0.0,0.0,0.0,0.0,0.0,0
1724518812,564074295,gpsid,0,0,51.590011,-0.229715,0.0,0.0,0.0,0.0,0.0,0.0,0.0,0.0,0.0,0.0,0
1724518813,64399443,gpsid,0,0,51.590011,-0.229715,0.0,0.0,0.0,0.0,0.0,0.0,0.0,0.0,0.0,0.0,0
1724518813,564097998,gpsid,0,0,51.590013,-0.229715,0.0,0.0,0.0,0.0,0.0,0.0,0.0,0.0,0.0,0.0,0
1724518814,64089739,gpsid,0,0,51.590013,-0.229715,0.0,0.0,0.0,0.0,0.0,0.0,0.0,0.0,0.0,0.0,0
1724518814,564204942,gpsid,0,0,51.590015,-0.229715,0.0,0.0,0.0,0.0,0.0,0.0,0.0,0.0,0.0,0.0,0
1724518815,64166720,gpsid,0,0,51.590015,-0.229715,0.0,0.0,0.0,0.0,0.0,0.0,0.0,0.0,0.0,0.0,0
1724518815,564321627,gpsid,0,0,51.590006,-0.229696,0.0,0.0,0.0,0.0,0.0,0.0,0.0,0.0,0.0,0.0,0
1724518816,64002645,gpsid,0,0,51.590006,-0.229696,0.0,0.0,0.0,0.0,0.0,0.0,0.0,0.0,0.0,0.0,0
1724518816,564979867,gpsid,0,0,51.59005,-0.229683,0.0,0.0,0.0,0.0,0.0,0.0,0.0,0.0,0.0,0.0,0
1724518817,65047441,gpsid,0,0,51.59005,-0.229683,0.0,0.0,0.0,0.0,0.0,0.0,0.0,0.0,0.0,0.0,0
1724518817,565165237,gpsid,0,0,51.590073,-0.22968,0.0,0.0,0.0,0.0,0.0,0.0,0.0,0.0,0.0,0.0,0
1724518818,65064940,gpsid,0,0,51.590073,-0.22968,0.0,0.0,0.0,0.0,0.0,0.0,0.0,0.0,0.0,0.0,0
1724518818,564406403,gpsid,0,0,51.590078,-0.229696,0.0,0.0,0.0,0.0,0.0,0.0,0.0,0.0,0.0,0.0,0
1724518819,65155884,gpsid,0,0,51.590078,-0.229696,0.0,0.0,0.0,0.0,0.0,0.0,0.0,0.0,0.0,0.0,0
1724518819,565074328,gpsid,0,0,51.590085,-0.229703,0.0,0.0,0.0,0.0,0.0,0.0,0.0,0.0,0.0,0.0,0
1724518820,65128642,gpsid,0,0,51.590085,-0.229703,0.0,0.0,0.0,0.0,0.0,0.0,0.0,0.0,0.0,0.0,0
1724518820,565031679,gpsid,0,0,51.590088,-0.229701,0.0,0.0,0.0,0.0,0.0,0.0,0.0,0.0,0.0,0.0,0
1724518821,65089938,gpsid,0,0,51.590088,-0.229701,0.0,0.0,0.0,0.0,0.0,0.0,0.0,0.0,0.0,0.0,0
1724518821,564657790,gpsid,0,0,51.590095,-0.229696,0.0,0.0,0.0,0.0,0.0,0.0,0.0,0.0,0.0,0.0,0
1724518822,64737678,gpsid,0,0,51.590095,-0.229696,0.0,0.0,0.0,0.0,0.0,0.0,0.0,0.0,0.0,0.0,0
1724518822,564566956,gpsid,0,0,51.59009,-0.229701,0.0,0.0,0.0,0.0,0.0,0.0,0.0,0.0,0.0,0.0,0
1724518823,64649381,gpsid,0,0,51.59009,-0.229701,0.0,0.0,0.0,0.0,0.0,0.0,0.0,0.0,0.0,0.0,0
1724518823,565151696,gpsid,0,0,51.590091,-0.229695,0.0,0.0,0.0,0.0,0.0,0.0,0.0,0.0,0.0,0.0,0
1724518824,65088122,gpsid,0,0,51.590091,-0.229695,0.0,0.0,0.0,0.0,0.0,0.0,0.0,0.0,0.0,0.0,0
1724518824,565114584,gpsid,0,0,51.590093,-0.229693,0.0,0.0,0.0,0.0,0.0,0.0,0.0,0.0,0.0,0.0,0
1724518825,65135084,gpsid,0,0,51.590093,-0.229693,0.0,0.0,0.0,0.0,0.0,0.0,0.0,0.0,0.0,0.0,0
1724518825,564024658,gpsid,0,0,51.590093,-0.229691,0.0,0.0,0.0,0.0,0.0,0.0,0.0,0.0,0.0,0.0,0
1724518826,64060769,gpsid,0,0,51.590093,-0.229691,0.0,0.0,0.0,0.0,0.0,0.0,0.0,0.0,0.0,0.0,0
1724518826,563998102,gpsid,0,0,51.590105,-0.229685,0.0,0.0,0.0,0.0,0.0,0.0,0.0,0.0,0.0,0.0,0
1724518827,64347120,gpsid,0,0,51.590105,-0.229685,0.0,0.0,0.0,0.0,0.0,0.0,0.0,0.0,0.0,0.0,0
1724518827,564249971,gpsid,0,0,51.59012,-0.22968,0.0,0.0,0.0,0.0,0.0,0.0,0.0,0.0,0.0,0.0,0
1724518828,64022675,gpsid,0,0,51.59012,-0.22968,0.0,0.0,0.0,0.0,0.0,0.0,0.0,0.0,0.0,0.0,0
1724518828,564162026,gpsid,0,0,51.590126,-0.229675,0.0,0.0,0.0,0.0,0.0,0.0,0.0,0.0,0.0,0.0,0
1724518829,63776545,gpsid,0,0,51.590126,-0.229675,0.0,0.0,0.0,0.0,0.0,0.0,0.0,0.0,0.0,0.0,0
1724518829,565023581,gpsid,0,0,51.590138,-0.229666,0.0,0.0,0.0,0.0,0.0,0.0,0.0,0.0,0.0,0.0,0
1724518830,63999803,gpsid,0,0,51.590138,-0.229666,0.0,0.0,0.0,0.0,0.0,0.0,0.0,0.0,0.0,0.0,0
1724518830,564507247,gpsid,0,0,51.590141,-0.229665,0.0,0.0,0.0,0.0,0.0,0.0,0.0,0.0,0.0,0.0,0
1724518831,64762006,gpsid,0,0,51.590141,-0.229665,0.0,0.0,0.0,0.0,0.0,0.0,0.0,0.0,0.0,0.0,0
1724518831,564559395,gpsid,0,0,51.590141,-0.229653,0.0,0.0,0.0,0.0,0.0,0.0,0.0,0.0,0.0,0.0,0
1724518832,64042506,gpsid,0,0,51.590141,-0.229653,0.0,0.0,0.0,0.0,0.0,0.0,0.0,0.0,0.0,0.0,0
1724518832,564111542,gpsid,0,0,51.590136,-0.229638,0.0,0.0,0.0,0.0,0.0,0.0,0.0,0.0,0.0,0.0,0
1724518833,64192320,gpsid,0,0,51.590136,-0.229638,0.0,0.0,0.0,0.0,0.0,0.0,0.0,0.0,0.0,0.0,0
1724518833,564526412,gpsid,0,0,51.59014,-0.229606,0.0,0.0,0.0,0.0,0.0,0.0,0.0,0.0,0.0,0.0,0
1724518834,65046801,gpsid,0,0,51.59014,-0.229606,0.0,0.0,0.0,0.0,0.0,0.0,0.0,0.0,0.0,0.0,0
1724518834,564126967,gpsid,0,0,51.590146,-0.229581,0.0,0.0,0.0,0.0,0.0,0.0,0.0,0.0,0.0,0.0,0
1724518835,64046874,gpsid,0,0,51.590146,-0.229581,0.0,0.0,0.0,0.0,0.0,0.0,0.0,0.0,0.0,0.0,0
1724518835,564114578,gpsid,0,0,51.590135,-0.229553,0.0,0.0,0.0,0.0,0.0,0.0,0.0,0.0,0.0,0.0,0
1724518836,64111411,gpsid,0,0,51.590135,-0.229553,0.0,0.0,0.0,0.0,0.0,0.0,0.0,0.0,0.0,0.0,0
1724518836,564418373,gpsid,0,0,51.59013,-0.22953,0.0,0.0,0.0,0.0,0.0,0.0,0.0,0.0,0.0,0.0,0
1724518837,64104595,gpsid,0,0,51.59013,-0.22953,0.0,0.0,0.0,0.0,0.0,0.0,0.0,0.0,0.0,0.0,0
1724518837,564688762,gpsid,0,0,51.590121,-0.229506,0.0,0.0,0.0,0.0,0.0,0.0,0.0,0.0,0.0,0.0,0
1724518838,63996169,gpsid,0,0,51.590121,-0.229506,0.0,0.0,0.0,0.0,0.0,0.0,0.0,0.0,0.0,0.0,0
1724518838,564516798,gpsid,0,0,51.590115,-0.229485,0.0,0.0,0.0,0.0,0.0,0.0,0.0,0.0,0.0,0.0,0
1724518839,64104890,gpsid,0,0,51.590115,-0.229485,0.0,0.0,0.0,0.0,0.0,0.0,0.0,0.0,0.0,0.0,0
1724518839,564153316,gpsid,0,0,51.5901,-0.229468,0.0,0.0,0.0,0.0,0.0,0.0,0.0,0.0,0.0,0.0,0
1724518840,64839408,gpsid,0,0,51.5901,-0.229468,0.0,0.0,0.0,0.0,0.0,0.0,0.0,0.0,0.0,0.0,0
1724518840,564088871,gpsid,0,0,51.590081,-0.229445,0.0,0.0,0.0,0.0,0.0,0.0,0.0,0.0,0.0,0.0,0
1724518841,64152167,gpsid,0,0,51.590081,-0.229445,0.0,0.0,0.0,0.0,0.0,0.0,0.0,0.0,0.0,0.0,0
1724518841,564103241,gpsid,0,0,51.590068,-0.229421,0.0,0.0,0.0,0.0,0.0,0.0,0.0,0.0,0.0,0.0,0
1724518842,65213815,gpsid,0,0,51.590068,-0.229421,0.0,0.0,0.0,0.0,0.0,0.0,0.0,0.0,0.0,0.0,0
1724518842,564405148,gpsid,0,0,51.590063,-0.229403,0.0,0.0,0.0,0.0,0.0,0.0,0.0,0.0,0.0,0.0,0
1724518843,64050666,gpsid,0,0,51.590063,-0.229403,0.0,0.0,0.0,0.0,0.0,0.0,0.0,0.0,0.0,0.0,0
1724518843,564064147,gpsid,0,0,51.590055,-0.22939,0.0,0.0,0.0,0.0,0.0,0.0,0.0,0.0,0.0,0.0,0
1724518844,64031165,gpsid,0,0,51.590055,-0.22939,0.0,0.0,0.0,0.0,0.0,0.0,0.0,0.0,0.0,0.0,0
1724518844,564379091,gpsid,0,0,51.590048,-0.229378,0.0,0.0,0.0,0.0,0.0,0.0,0.0,0.0,0.0,0.0,0
1724518845,64562405,gpsid,0,0,51.590048,-0.229378,0.0,0.0,0.0,0.0,0.0,0.0,0.0,0.0,0.0,0.0,0
1724518845,564103127,gpsid,0,0,51.590046,-0.229365,0.0,0.0,0.0,0.0,0.0,0.0,0.0,0.0,0.0,0.0,0
1724518846,64016683,gpsid,0,0,51.590046,-0.229365,0.0,0.0,0.0,0.0,0.0,0.0,0.0,0.0,0.0,0.0,0
1724518846,564063682,gpsid,0,0,51.59004,-0.229355,0.0,0.0,0.0,0.0,0.0,0.0,0.0,0.0,0.0,0.0,0
1724518847,63648441,gpsid,0,0,51.59004,-0.229355,0.0,0.0,0.0,0.0,0.0,0.0,0.0,0.0,0.0,0.0,0
1724518847,564056033,gpsid,0,0,51.59004,-0.22935,0.0,0.0,0.0,0.0,0.0,0.0,0.0,0.0,0.0,0.0,0
1724518848,64793515,gpsid,0,0,51.59004,-0.22935,0.0,0.0,0.0,0.0,0.0,0.0,0.0,0.0,0.0,0.0,0
1724518848,564118274,gpsid,0,0,51.590043,-0.229343,0.0,0.0,0.0,0.0,0.0,0.0,0.0,0.0,0.0,0.0,0
1724518849,64054347,gpsid,0,0,51.590043,-0.229343,0.0,0.0,0.0,0.0,0.0,0.0,0.0,0.0,0.0,0.0,0
1724518849,564032458,gpsid,0,0,51.590045,-0.22933,0.0,0.0,0.0,0.0,0.0,0.0,0.0,0.0,0.0,0.0,0
1724518850,64018773,gpsid,0,0,51.590045,-0.22933,0.0,0.0,0.0,0.0,0.0,0.0,0.0,0.0,0.0,0.0,0
1724518850,564303402,gpsid,0,0,51.590046,-0.229315,0.0,0.0,0.0,0.0,0.0,0.0,0.0,0.0,0.0,0.0,0
1724518851,63696957,gpsid,0,0,51.590046,-0.229315,0.0,0.0,0.0,0.0,0.0,0.0,0.0,0.0,0.0,0.0,0
1724518851,565609513,gpsid,0,0,51.590046,-0.229303,0.0,0.0,0.0,0.0,0.0,0.0,0.0,0.0,0.0,0.0,0
1724518852,63980994,gpsid,0,0,51.590046,-0.229303,0.0,0.0,0.0,0.0,0.0,0.0,0.0,0.0,0.0,0.0,0
1724518852,564041734,gpsid,0,0,51.590045,-0.229286,0.0,0.0,0.0,0.0,0.0,0.0,0.0,0.0,0.0,0.0,0
1724518853,64054419,gpsid,0,0,51.590045,-0.229286,0.0,0.0,0.0,0.0,0.0,0.0,0.0,0.0,0.0,0.0,0
1724518853,564161011,gpsid,0,0,51.590041,-0.229268,0.0,0.0,0.0,0.0,0.0,0.0,0.0,0.0,0.0,0.0,0
1724518854,64091011,gpsid,0,0,51.590041,-0.229268,0.0,0.0,0.0,0.0,0.0,0.0,0.0,0.0,0.0,0.0,0
1724518854,564017677,gpsid,0,0,51.590033,-0.229243,0.0,0.0,0.0,0.0,0.0,0.0,0.0,0.0,0.0,0.0,0
1724518855,64017603,gpsid,0,0,51.590033,-0.229243,0.0,0.0,0.0,0.0,0.0,0.0,0.0,0.0,0.0,0.0,0
1724518855,564111992,gpsid,0,0,51.590035,-0.229223,0.0,0.0,0.0,0.0,0.0,0.0,0.0,0.0,0.0,0.0,0
1724518856,64017806,gpsid,0,0,51.590035,-0.229223,0.0,0.0,0.0,0.0,0.0,0.0,0.0,0.0,0.0,0.0,0
1724518856,564079398,gpsid,0,0,51.590035,-0.229203,0.0,0.0,0.0,0.0,0.0,0.0,0.0,0.0,0.0,0.0,0
1724518857,64073324,gpsid,0,0,51.590035,-0.229203,0.0,0.0,0.0,0.0,0.0,0.0,0.0,0.0,0.0,0.0,0
1724518857,564124694,gpsid,0,0,51.590035,-0.229183,0.0,0.0,0.0,0.0,0.0,0.0,0.0,0.0,0.0,0.0,0
1724518858,63998175,gpsid,0,0,51.590035,-0.229183,0.0,0.0,0.0,0.0,0.0,0.0,0.0,0.0,0.0,0.0,0
1724518858,564141008,gpsid,0,0,51.590033,-0.229165,0.0,0.0,0.0,0.0,0.0,0.0,0.0,0.0,0.0,0.0,0
1724518859,64074267,gpsid,0,0,51.590033,-0.229165,0.0,0.0,0.0,0.0,0.0,0.0,0.0,0.0,0.0,0.0,0
1724518859,564082063,gpsid,0,0,51.590033,-0.229141,0.0,0.0,0.0,0.0,0.0,0.0,0.0,0.0,0.0,0.0,0
1724518860,64046433,gpsid,0,0,51.590033,-0.229141,0.0,0.0,0.0,0.0,0.0,0.0,0.0,0.0,0.0,0.0,0
1724518860,564217489,gpsid,0,0,51.590036,-0.229125,0.0,0.0,0.0,0.0,0.0,0.0,0.0,0.0,0.0,0.0,0
1724518861,63995025,gpsid,0,0,51.590036,-0.229125,0.0,0.0,0.0,0.0,0.0,0.0,0.0,0.0,0.0,0.0,0
1724518861,564061766,gpsid,0,0,51.590043,-0.229106,0.0,0.0,0.0,0.0,0.0,0.0,0.0,0.0,0.0,0.0,0
1724518862,64026932,gpsid,0,0,51.590043,-0.229106,0.0,0.0,0.0,0.0,0.0,0.0,0.0,0.0,0.0,0.0,0
1724518862,564154765,gpsid,0,0,51.590048,-0.229093,0.0,0.0,0.0,0.0,0.0,0.0,0.0,0.0,0.0,0.0,0
1724518863,64014154,gpsid,0,0,51.590048,-0.229093,0.0,0.0,0.0,0.0,0.0,0.0,0.0,0.0,0.0,0.0,0
1724518863,564096265,gpsid,0,0,51.590058,-0.229081,0.0,0.0,0.0,0.0,0.0,0.0,0.0,0.0,0.0,0.0,0
1724518864,64078857,gpsid,0,0,51.590058,-0.229081,0.0,0.0,0.0,0.0,0.0,0.0,0.0,0.0,0.0,0.0,0
1724518864,564088005,gpsid,0,0,51.59006,-0.22906,0.0,0.0,0.0,0.0,0.0,0.0,0.0,0.0,0.0,0.0,0
1724518865,64224375,gpsid,0,0,51.59006,-0.22906,0.0,0.0,0.0,0.0,0.0,0.0,0.0,0.0,0.0,0.0,0
1724518865,564089263,gpsid,0,0,51.59006,-0.229036,0.0,0.0,0.0,0.0,0.0,0.0,0.0,0.0,0.0,0.0,0
1724518866,64042004,gpsid,0,0,51.59006,-0.229036,0.0,0.0,0.0,0.0,0.0,0.0,0.0,0.0,0.0,0.0,0
1724518866,564058948,gpsid,0,0,51.59006,-0.229021,0.0,0.0,0.0,0.0,0.0,0.0,0.0,0.0,0.0,0.0,0
1724518867,64058559,gpsid,0,0,51.59006,-0.229021,0.0,0.0,0.0,0.0,0.0,0.0,0.0,0.0,0.0,0.0,0
1724518867,564147596,gpsid,0,0,51.590056,-0.229003,0.0,0.0,0.0,0.0,0.0,0.0,0.0,0.0,0.0,0.0,0
1724518868,64120355,gpsid,0,0,51.590056,-0.229003,0.0,0.0,0.0,0.0,0.0,0.0,0.0,0.0,0.0,0.0,0
1724518868,564681299,gpsid,0,0,51.590048,-0.228981,0.0,0.0,0.0,0.0,0.0,0.0,0.0,0.0,0.0,0.0,0
1724518869,63840058,gpsid,0,0,51.590048,-0.228981,0.0,0.0,0.0,0.0,0.0,0.0,0.0,0.0,0.0,0.0,0
1724518869,565014502,gpsid,0,0,51.590043,-0.228965,0.0,0.0,0.0,0.0,0.0,0.0,0.0,0.0,0.0,0.0,0
1724518870,64349224,gpsid,0,0,51.590043,-0.228965,0.0,0.0,0.0,0.0,0.0,0.0,0.0,0.0,0.0,0.0,0
1724518870,564154686,gpsid,0,0,51.59004,-0.22894,0.0,0.0,0.0,0.0,0.0,0.0,0.0,0.0,0.0,0.0,0
1724518871,64041927,gpsid,0,0,51.59004,-0.22894,0.0,0.0,0.0,0.0,0.0,0.0,0.0,0.0,0.0,0.0,0
1724518871,564052964,gpsid,0,0,51.590031,-0.228911,0.0,0.0,0.0,0.0,0.0,0.0,0.0,0.0,0.0,0.0,0
1724518872,64028889,gpsid,0,0,51.590031,-0.228911,0.0,0.0,0.0,0.0,0.0,0.0,0.0,0.0,0.0,0.0,0
1724518872,564156333,gpsid,0,0,51.590026,-0.228888,0.0,0.0,0.0,0.0,0.0,0.0,0.0,0.0,0.0,0.0,0
1724518873,64124685,gpsid,0,0,51.590026,-0.228888,0.0,0.0,0.0,0.0,0.0,0.0,0.0,0.0,0.0,0.0,0
1724518873,564941407,gpsid,0,0,51.590018,-0.228866,0.0,0.0,0.0,0.0,0.0,0.0,0.0,0.0,0.0,0.0,0
1724518874,65013351,gpsid,0,0,51.590018,-0.228866,0.0,0.0,0.0,0.0,0.0,0.0,0.0,0.0,0.0,0.0,0
1724518874,565162128,gpsid,0,0,51.590011,-0.22885,0.0,0.0,0.0,0.0,0.0,0.0,0.0,0.0,0.0,0.0,0
1724518875,64456924,gpsid,0,0,51.590011,-0.22885,0.0,0.0,0.0,0.0,0.0,0.0,0.0,0.0,0.0,0.0,0
1724518875,564109720,gpsid,0,0,51.59001,-0.228833,0.0,0.0,0.0,0.0,0.0,0.0,0.0,0.0,0.0,0.0,0
1724518876,64042424,gpsid,0,0,51.59001,-0.228833,0.0,0.0,0.0,0.0,0.0,0.0,0.0,0.0,0.0,0.0,0
1724518876,564097090,gpsid,0,0,51.590015,-0.228816,0.0,0.0,0.0,0.0,0.0,0.0,0.0,0.0,0.0,0.0,0
1724518877,64273608,gpsid,0,0,51.590015,-0.228816,0.0,0.0,0.0,0.0,0.0,0.0,0.0,0.0,0.0,0.0,0
1724518877,564030553,gpsid,0,0,51.590026,-0.228803,0.0,0.0,0.0,0.0,0.0,0.0,0.0,0.0,0.0,0.0,0
1724518878,63979626,gpsid,0,0,51.590026,-0.228803,0.0,0.0,0.0,0.0,0.0,0.0,0.0,0.0,0.0,0.0,0
1724518878,564117034,gpsid,0,0,51.590038,-0.228796,0.0,0.0,0.0,0.0,0.0,0.0,0.0,0.0,0.0,0.0,0
1724518879,64021311,gpsid,0,0,51.590038,-0.228796,0.0,0.0,0.0,0.0,0.0,0.0,0.0,0.0,0.0,0.0,0
1724518879,564059385,gpsid,0,0,51.59005,-0.228795,0.0,0.0,0.0,0.0,0.0,0.0,0.0,0.0,0.0,0.0,0
1724518880,64025681,gpsid,0,0,51.59005,-0.228795,0.0,0.0,0.0,0.0,0.0,0.0,0.0,0.0,0.0,0.0,0
1724518880,564095180,gpsid,0,0,51.59005,-0.228796,0.0,0.0,0.0,0.0,0.0,0.0,0.0,0.0,0.0,0.0,0
1724518881,64066976,gpsid,0,0,51.59005,-0.228796,0.0,0.0,0.0,0.0,0.0,0.0,0.0,0.0,0.0,0.0,0
1724518881,564198124,gpsid,0,0,51.590055,-0.228798,0.0,0.0,0.0,0.0,0.0,0.0,0.0,0.0,0.0,0.0,0
1724518882,64059106,gpsid,0,0,51.590055,-0.228798,0.0,0.0,0.0,0.0,0.0,0.0,0.0,0.0,0.0,0.0,0
1724518882,564101772,gpsid,0,0,51.590053,-0.228795,0.0,0.0,0.0,0.0,0.0,0.0,0.0,0.0,0.0,0.0,0
1724518883,64032457,gpsid,0,0,51.590053,-0.228795,0.0,0.0,0.0,0.0,0.0,0.0,0.0,0.0,0.0,0.0,0
1724518883,564113938,gpsid,0,0,51.590051,-0.2288,0.0,0.0,0.0,0.0,0.0,0.0,0.0,0.0,0.0,0.0,0
1724518884,64070512,gpsid,0,0,51.590051,-0.2288,0.0,0.0,0.0,0.0,0.0,0.0,0.0,0.0,0.0,0.0,0
1724518884,564106419,gpsid,0,0,51.590053,-0.22881,0.0,0.0,0.0,0.0,0.0,0.0,0.0,0.0,0.0,0.0,0
1724518885,64148141,gpsid,0,0,51.590053,-0.22881,0.0,0.0,0.0,0.0,0.0,0.0,0.0,0.0,0.0,0.0,0
1724518885,564105918,gpsid,0,0,51.590056,-0.228825,0.0,0.0,0.0,0.0,0.0,0.0,0.0,0.0,0.0,0.0,0
1724518886,64006788,gpsid,0,0,51.590056,-0.228825,0.0,0.0,0.0,0.0,0.0,0.0,0.0,0.0,0.0,0.0,0
1724518886,564092510,gpsid,0,0,51.590053,-0.228845,0.0,0.0,0.0,0.0,0.0,0.0,0.0,0.0,0.0,0.0,0
1724518887,64113454,gpsid,0,0,51.590053,-0.228845,0.0,0.0,0.0,0.0,0.0,0.0,0.0,0.0,0.0,0.0,0
1724518887,564440454,gpsid,0,0,51.59005,-0.228861,0.0,0.0,0.0,0.0,0.0,0.0,0.0,0.0,0.0,0.0,0
1724518888,64000028,gpsid,0,0,51.59005,-0.228861,0.0,0.0,0.0,0.0,0.0,0.0,0.0,0.0,0.0,0.0,0
1724518888,564059120,gpsid,0,0,51.590045,-0.228883,0.0,0.0,0.0,0.0,0.0,0.0,0.0,0.0,0.0,0.0,0
1724518889,64090787,gpsid,0,0,51.590045,-0.228883,0.0,0.0,0.0,0.0,0.0,0.0,0.0,0.0,0.0,0.0,0
1724518889,564177564,gpsid,0,0,51.590038,-0.228903,0.0,0.0,0.0,0.0,0.0,0.0,0.0,0.0,0.0,0.0,0
1724518890,64062045,gpsid,0,0,51.590038,-0.228903,0.0,0.0,0.0,0.0,0.0,0.0,0.0,0.0,0.0,0.0,0
1724518890,564068286,gpsid,0,0,51.59003,-0.228921,0.0,0.0,0.0,0.0,0.0,0.0,0.0,0.0,0.0,0.0,0
1724518891,64031971,gpsid,0,0,51.59003,-0.228921,0.0,0.0,0.0,0.0,0.0,0.0,0.0,0.0,0.0,0.0,0
1724518891,564178618,gpsid,0,0,51.59002,-0.228943,0.0,0.0,0.0,0.0,0.0,0.0,0.0,0.0,0.0,0.0,0
1724518892,64116877,gpsid,0,0,51.59002,-0.228943,0.0,0.0,0.0,0.0,0.0,0.0,0.0,0.0,0.0,0.0,0
1724518892,564198470,gpsid,0,0,51.590016,-0.228961,0.0,0.0,0.0,0.0,0.0,0.0,0.0,0.0,0.0,0.0,0
1724518893,63811803,gpsid,0,0,51.590016,-0.228961,0.0,0.0,0.0,0.0,0.0,0.0,0.0,0.0,0.0,0.0,0
1724518893,564187858,gpsid,0,0,51.590011,-0.228981,0.0,0.0,0.0,0.0,0.0,0.0,0.0,0.0,0.0,0.0,0
1724518894,64038135,gpsid,0,0,51.590011,-0.228981,0.0,0.0,0.0,0.0,0.0,0.0,0.0,0.0,0.0,0.0,0
1724518894,564119320,gpsid,0,0,51.590015,-0.229001,0.0,0.0,0.0,0.0,0.0,0.0,0.0,0.0,0.0,0.0,0
1724518895,64112931,gpsid,0,0,51.590015,-0.229001,0.0,0.0,0.0,0.0,0.0,0.0,0.0,0.0,0.0,0.0,0
1724518895,564138949,gpsid,0,0,51.590021,-0.22902,0.0,0.0,0.0,0.0,0.0,0.0,0.0,0.0,0.0,0.0,0
1724518896,64099968,gpsid,0,0,51.590021,-0.22902,0.0,0.0,0.0,0.0,0.0,0.0,0.0,0.0,0.0,0.0,0
1724518896,564186115,gpsid,0,0,51.590036,-0.229036,0.0,0.0,0.0,0.0,0.0,0.0,0.0,0.0,0.0,0.0,0
1724518897,64897652,gpsid,0,0,51.590036,-0.229036,0.0,0.0,0.0,0.0,0.0,0.0,0.0,0.0,0.0,0.0,0
1724518897,564832578,gpsid,0,0,51.59005,-0.229051,0.0,0.0,0.0,0.0,0.0,0.0,0.0,0.0,0.0,0.0,0
1724518898,64667485,gpsid,0,0,51.59005,-0.229051,0.0,0.0,0.0,0.0,0.0,0.0,0.0,0.0,0.0,0.0,0
1724518898,565003207,gpsid,0,0,51.590076,-0.229065,0.0,0.0,0.0,0.0,0.0,0.0,0.0,0.0,0.0,0.0,0
1724518899,65012318,gpsid,0,0,51.590076,-0.229065,0.0,0.0,0.0,0.0,0.0,0.0,0.0,0.0,0.0,0.0,0
1724518899,564606817,gpsid,0,0,51.590091,-0.229078,0.0,0.0,0.0,0.0,0.0,0.0,0.0,0.0,0.0,0.0,0
1724518900,63741224,gpsid,0,0,51.590091,-0.229078,0.0,0.0,0.0,0.0,0.0,0.0,0.0,0.0,0.0,0.0,0
1724518900,563829909,gpsid,0,0,51.590116,-0.229095,0.0,0.0,0.0,0.0,0.0,0.0,0.0,0.0,0.0,0.0,0
1724518901,63767502,gpsid,0,0,51.590116,-0.229095,0.0,0.0,0.0,0.0,0.0,0.0,0.0,0.0,0.0,0.0,0
1724518901,563757927,gpsid,0,0,51.59014,-0.22911,0.0,0.0,0.0,0.0,0.0,0.0,0.0,0.0,0.0,0.0,0
1724518902,65076353,gpsid,0,0,51.59014,-0.22911,0.0,0.0,0.0,0.0,0.0,0.0,0.0,0.0,0.0,0.0,0
1724518902,564144093,gpsid,0,0,51.590143,-0.229128,0.0,0.0,0.0,0.0,0.0,0.0,0.0,0.0,0.0,0.0,0
1724518903,64083723,gpsid,0,0,51.590143,-0.229128,0.0,0.0,0.0,0.0,0.0,0.0,0.0,0.0,0.0,0.0,0
1724518903,563747389,gpsid,0,0,51.590145,-0.229146,0.0,0.0,0.0,0.0,0.0,0.0,0.0,0.0,0.0,0.0,0
1724518904,64591092,gpsid,0,0,51.590145,-0.229146,0.0,0.0,0.0,0.0,0.0,0.0,0.0,0.0,0.0,0.0,0
1724518904,565075944,gpsid,0,0,51.590145,-0.229163,0.0,0.0,0.0,0.0,0.0,0.0,0.0,0.0,0.0,0.0,0
1724518905,64706462,gpsid,0,0,51.590145,-0.229163,0.0,0.0,0.0,0.0,0.0,0.0,0.0,0.0,0.0,0.0,0
1724518905,563874221,gpsid,0,0,51.590143,-0.229181,0.0,0.0,0.0,0.0,0.0,0.0,0.0,0.0,0.0,0.0,0
1724518906,64033128,gpsid,0,0,51.590143,-0.229181,0.0,0.0,0.0,0.0,0.0,0.0,0.0,0.0,0.0,0.0,0
1724518906,564141832,gpsid,0,0,51.590151,-0.229198,0.0,0.0,0.0,0.0,0.0,0.0,0.0,0.0,0.0,0.0,0
1724518907,65043257,gpsid,0,0,51.590151,-0.229198,0.0,0.0,0.0,0.0,0.0,0.0,0.0,0.0,0.0,0.0,0
1724518907,565096664,gpsid,0,0,51.590183,-0.229211,0.0,0.0,0.0,0.0,0.0,0.0,0.0,0.0,0.0,0.0,0
1724518908,65075553,gpsid,0,0,51.590183,-0.229211,0.0,0.0,0.0,0.0,0.0,0.0,0.0,0.0,0.0,0.0,0
1724518908,564689405,gpsid,0,0,51.590191,-0.229226,0.0,0.0,0.0,0.0,0.0,0.0,0.0,0.0,0.0,0.0,0
1724518909,64502201,gpsid,0,0,51.590191,-0.229226,0.0,0.0,0.0,0.0,0.0,0.0,0.0,0.0,0.0,0.0,0
1724518909,564632793,gpsid,0,0,51.590196,-0.229235,0.0,0.0,0.0,0.0,0.0,0.0,0.0,0.0,0.0,0.0,0
1724518910,64075348,gpsid,0,0,51.590196,-0.229235,0.0,0.0,0.0,0.0,0.0,0.0,0.0,0.0,0.0,0.0,0
1724518910,565688996,gpsid,0,0,51.590198,-0.229245,0.0,0.0,0.0,0.0,0.0,0.0,0.0,0.0,0.0,0.0,0
1724518911,64090236,gpsid,0,0,51.590198,-0.229245,0.0,0.0,0.0,0.0,0.0,0.0,0.0,0.0,0.0,0.0,0
1724518911,564472643,gpsid,0,0,51.590201,-0.229251,0.0,0.0,0.0,0.0,0.0,0.0,0.0,0.0,0.0,0.0,0
1724518912,64478125,gpsid,0,0,51.590201,-0.229251,0.0,0.0,0.0,0.0,0.0,0.0,0.0,0.0,0.0,0.0,0
1724518912,564138995,gpsid,0,0,51.590206,-0.229265,0.0,0.0,0.0,0.0,0.0,0.0,0.0,0.0,0.0,0.0,0
1724518913,64058513,gpsid,0,0,51.590206,-0.229265,0.0,0.0,0.0,0.0,0.0,0.0,0.0,0.0,0.0,0.0,0
1724518913,565066605,gpsid,0,0,51.590208,-0.229285,0.0,0.0,0.0,0.0,0.0,0.0,0.0,0.0,0.0,0.0,0
1724518914,65690401,gpsid,0,0,51.590208,-0.229285,0.0,0.0,0.0,0.0,0.0,0.0,0.0,0.0,0.0,0.0,0
1724518914,564140919,gpsid,0,0,51.590206,-0.229301,0.0,0.0,0.0,0.0,0.0,0.0,0.0,0.0,0.0,0.0,0
1724518915,64067845,gpsid,0,0,51.590206,-0.229301,0.0,0.0,0.0,0.0,0.0,0.0,0.0,0.0,0.0,0.0,0
1724518915,564150197,gpsid,0,0,51.590208,-0.229321,0.0,0.0,0.0,0.0,0.0,0.0,0.0,0.0,0.0,0.0,0
1724518916,64166659,gpsid,0,0,51.590208,-0.229321,0.0,0.0,0.0,0.0,0.0,0.0,0.0,0.0,0.0,0.0,0
1724518916,564075881,gpsid,0,0,51.590216,-0.229338,0.0,0.0,0.0,0.0,0.0,0.0,0.0,0.0,0.0,0.0,0
1724518917,65018177,gpsid,0,0,51.590216,-0.229338,0.0,0.0,0.0,0.0,0.0,0.0,0.0,0.0,0.0,0.0,0
1724518917,564137862,gpsid,0,0,51.590228,-0.229355,0.0,0.0,0.0,0.0,0.0,0.0,0.0,0.0,0.0,0.0,0
1724518918,64029473,gpsid,0,0,51.590228,-0.229355,0.0,0.0,0.0,0.0,0.0,0.0,0.0,0.0,0.0,0.0,0
1724518918,564059380,gpsid,0,0,51.59025,-0.229368,0.0,0.0,0.0,0.0,0.0,0.0,0.0,0.0,0.0,0.0,0
1724518919,64534472,gpsid,0,0,51.59025,-0.229368,0.0,0.0,0.0,0.0,0.0,0.0,0.0,0.0,0.0,0.0,0
1724518919,564065009,gpsid,0,0,51.590266,-0.22938,0.0,0.0,0.0,0.0,0.0,0.0,0.0,0.0,0.0,0.0,0
1724518920,64049916,gpsid,0,0,51.590266,-0.22938,0.0,0.0,0.0,0.0,0.0,0.0,0.0,0.0,0.0,0.0,0
1724518920,564129490,gpsid,0,0,51.590283,-0.229388,0.0,0.0,0.0,0.0,0.0,0.0,0.0,0.0,0.0,0.0,0
1724518921,64493453,gpsid,0,0,51.590283,-0.229388,0.0,0.0,0.0,0.0,0.0,0.0,0.0,0.0,0.0,0.0,0
1724518921,564062619,gpsid,0,0,51.590306,-0.229405,0.0,0.0,0.0,0.0,0.0,0.0,0.0,0.0,0.0,0.0,0
1724518922,63996137,gpsid,0,0,51.590306,-0.229405,0.0,0.0,0.0,0.0,0.0,0.0,0.0,0.0,0.0,0.0,0
1724518922,564111026,gpsid,0,0,51.590315,-0.229428,0.0,0.0,0.0,0.0,0.0,0.0,0.0,0.0,0.0,0.0,0
1724518923,64135488,gpsid,0,0,51.590315,-0.229428,0.0,0.0,0.0,0.0,0.0,0.0,0.0,0.0,0.0,0.0,0
1724518923,564122414,gpsid,0,0,51.590318,-0.229446,0.0,0.0,0.0,0.0,0.0,0.0,0.0,0.0,0.0,0.0,0
1724518924,64019303,gpsid,0,0,51.590318,-0.229446,0.0,0.0,0.0,0.0,0.0,0.0,0.0,0.0,0.0,0.0,0
1724518924,565356173,gpsid,0,0,51.590318,-0.229455,0.0,0.0,0.0,0.0,0.0,0.0,0.0,0.0,0.0,0.0,0
1724518925,63990080,gpsid,0,0,51.590318,-0.229455,0.0,0.0,0.0,0.0,0.0,0.0,0.0,0.0,0.0,0.0,0
1724518925,565119098,gpsid,0,0,51.59032,-0.229465,0.0,0.0,0.0,0.0,0.0,0.0,0.0,0.0,0.0,0.0,0
1724518926,65096487,gpsid,0,0,51.59032,-0.229465,0.0,0.0,0.0,0.0,0.0,0.0,0.0,0.0,0.0,0.0,0
1724518926,565213246,gpsid,0,0,51.59032,-0.22947,0.0,0.0,0.0,0.0,0.0,0.0,0.0,0.0,0.0,0.0,0
1724518927,65003319,gpsid,0,0,51.59032,-0.22947,0.0,0.0,0.0,0.0,0.0,0.0,0.0,0.0,0.0,0.0,0
1724518927,565108875,gpsid,0,0,51.590315,-0.229486,0.0,0.0,0.0,0.0,0.0,0.0,0.0,0.0,0.0,0.0,0
1724518928,64919763,gpsid,0,0,51.590315,-0.229486,0.0,0.0,0.0,0.0,0.0,0.0,0.0,0.0,0.0,0.0,0
1724518928,565493874,gpsid,0,0,51.59031,-0.229498,0.0,0.0,0.0,0.0,0.0,0.0,0.0,0.0,0.0,0.0,0
1724518929,64574003,gpsid,0,0,51.59031,-0.229498,0.0,0.0,0.0,0.0,0.0,0.0,0.0,0.0,0.0,0.0,0
1724518929,566202911,gpsid,0,0,51.590286,-0.229518,0.0,0.0,0.0,0.0,0.0,0.0,0.0,0.0,0.0,0.0,0
1724518930,64948744,gpsid,0,0,51.590286,-0.229518,0.0,0.0,0.0,0.0,0.0,0.0,0.0,0.0,0.0,0.0,0
1724518930,565505595,gpsid,0,0,51.59027,-0.229535,0.0,0.0,0.0,0.0,0.0,0.0,0.0,0.0,0.0,0.0,0
1724518931,63795132,gpsid,0,0,51.59027,-0.229535,0.0,0.0,0.0,0.0,0.0,0.0,0.0,0.0,0.0,0.0,0
1724518931,564144669,gpsid,0,0,51.590251,-0.229546,0.0,0.0,0.0,0.0,0.0,0.0,0.0,0.0,0.0,0.0,0
1724518932,64093576,gpsid,0,0,51.590251,-0.229546,0.0,0.0,0.0,0.0,0.0,0.0,0.0,0.0,0.0,0.0,0
1724518932,564095927,gpsid,0,0,51.590228,-0.229566,0.0,0.0,0.0,0.0,0.0,0.0,0.0,0.0,0.0,0.0,0
1724518933,63992057,gpsid,0,0,51.590228,-0.229566,0.0,0.0,0.0,0.0,0.0,0.0,0.0,0.0,0.0,0.0,0
1724518933,564389612,gpsid,0,0,51.590196,-0.229585,0.0,0.0,0.0,0.0,0.0,0.0,0.0,0.0,0.0,0.0,0
1724518934,64074075,gpsid,0,0,51.590196,-0.229585,0.0,0.0,0.0,0.0,0.0,0.0,0.0,0.0,0.0,0.0,0
1724518934,565545667,gpsid,0,0,51.590181,-0.22959,0.0,0.0,0.0,0.0,0.0,0.0,0.0,0.0,0.0,0.0,0
1724518935,65054722,gpsid,0,0,51.590181,-0.22959,0.0,0.0,0.0,0.0,0.0,0.0,0.0,0.0,0.0,0.0,0
1724518935,564041537,gpsid,0,0,51.590168,-0.229593,0.0,0.0,0.0,0.0,0.0,0.0,0.0,0.0,0.0,0.0,0
1724518936,64003203,gpsid,0,0,51.590168,-0.229593,0.0,0.0,0.0,0.0,0.0,0.0,0.0,0.0,0.0,0.0,0
1724518936,564125499,gpsid,0,0,51.59015,-0.229596,0.0,0.0,0.0,0.0,0.0,0.0,0.0,0.0,0.0,0.0,0
1724518937,64060943,gpsid,0,0,51.59015,-0.229596,0.0,0.0,0.0,0.0,0.0,0.0,0.0,0.0,0.0,0.0,0
1724518937,564092832,gpsid,0,0,51.59014,-0.2296,0.0,0.0,0.0,0.0,0.0,0.0,0.0,0.0,0.0,0.0,0
1724518938,64192405,gpsid,0,0,51.59014,-0.2296,0.0,0.0,0.0,0.0,0.0,0.0,0.0,0.0,0.0,0.0,0
1724518938,564105998,gpsid,0,0,51.590123,-0.2296,0.0,0.0,0.0,0.0,0.0,0.0,0.0,0.0,0.0,0.0,0
1724518939,64009479,gpsid,0,0,51.590123,-0.2296,0.0,0.0,0.0,0.0,0.0,0.0,0.0,0.0,0.0,0.0,0
1724518939,564053923,gpsid,0,0,51.590098,-0.229605,0.0,0.0,0.0,0.0,0.0,0.0,0.0,0.0,0.0,0.0,0
1724518940,64140071,gpsid,0,0,51.590098,-0.229605,0.0,0.0,0.0,0.0,0.0,0.0,0.0,0.0,0.0,0.0,0
1724518940,564101867,gpsid,0,0,51.59007,-0.229613,0.0,0.0,0.0,0.0,0.0,0.0,0.0,0.0,0.0,0.0,0
1724518941,63860144,gpsid,0,0,51.59007,-0.229613,0.0,0.0,0.0,0.0,0.0,0.0,0.0,0.0,0.0,0.0,0
1724518941,564063533,gpsid,0,0,51.590043,-0.22962,0.0,0.0,0.0,0.0,0.0,0.0,0.0,0.0,0.0,0.0,0
1724518942,64110273,gpsid,0,0,51.590043,-0.22962,0.0,0.0,0.0,0.0,0.0,0.0,0.0,0.0,0.0,0.0,0
1724518942,564137310,gpsid,0,0,51.590016,-0.229623,0.0,0.0,0.0,0.0,0.0,0.0,0.0,0.0,0.0,0.0,0
1724518943,64496643,gpsid,0,0,51.590016,-0.229623,0.0,0.0,0.0,0.0,0.0,0.0,0.0,0.0,0.0,0.0,0
1724518943,564167347,gpsid,0,0,51.589993,-0.22963,0.0,0.0,0.0,0.0,0.0,0.0,0.0,0.0,0.0,0.0,0
1724518944,64058476,gpsid,0,0,51.589993,-0.22963,0.0,0.0,0.0,0.0,0.0,0.0,0.0,0.0,0.0,0.0,0
1724518944,564043568,gpsid,0,0,51.58997,-0.229643,0.0,0.0,0.0,0.0,0.0,0.0,0.0,0.0,0.0,0.0,0
1724518945,64026272,gpsid,0,0,51.58997,-0.229643,0.0,0.0,0.0,0.0,0.0,0.0,0.0,0.0,0.0,0.0,0
1724518945,564141994,gpsid,0,0,51.589945,-0.229655,0.0,0.0,0.0,0.0,0.0,0.0,0.0,0.0,0.0,0.0,0
1724518946,64077067,gpsid,0,0,51.589945,-0.229655,0.0,0.0,0.0,0.0,0.0,0.0,0.0,0.0,0.0,0.0,0
1724518946,564073030,gpsid,0,0,51.589921,-0.229666,0.0,0.0,0.0,0.0,0.0,0.0,0.0,0.0,0.0,0.0,0
1724518947,64073178,gpsid,0,0,51.589921,-0.229666,0.0,0.0,0.0,0.0,0.0,0.0,0.0,0.0,0.0,0.0,0
1724518947,564103159,gpsid,0,0,51.5899,-0.229671,0.0,0.0,0.0,0.0,0.0,0.0,0.0,0.0,0.0,0.0,0
1724518948,64053659,gpsid,0,0,51.5899,-0.229671,0.0,0.0,0.0,0.0,0.0,0.0,0.0,0.0,0.0,0.0,0
1724518948,564095862,gpsid,0,0,51.589875,-0.229673,0.0,0.0,0.0,0.0,0.0,0.0,0.0,0.0,0.0,0.0,0
1724518949,64021584,gpsid,0,0,51.589875,-0.229673,0.0,0.0,0.0,0.0,0.0,0.0,0.0,0.0,0.0,0.0,0
1724518949,564325065,gpsid,0,0,51.589855,-0.229671,0.0,0.0,0.0,0.0,0.0,0.0,0.0,0.0,0.0,0.0,0
1724518950,64181176,gpsid,0,0,51.589855,-0.229671,0.0,0.0,0.0,0.0,0.0,0.0,0.0,0.0,0.0,0.0,0
1724518950,564124139,gpsid,0,0,51.589838,-0.229668,0.0,0.0,0.0,0.0,0.0,0.0,0.0,0.0,0.0,0.0,0
1724518951,64101601,gpsid,0,0,51.589838,-0.229668,0.0,0.0,0.0,0.0,0.0,0.0,0.0,0.0,0.0,0.0,0
1724518951,564085212,gpsid,0,0,51.589821,-0.229675,0.0,0.0,0.0,0.0,0.0,0.0,0.0,0.0,0.0,0.0,0
1724518952,64121193,gpsid,0,0,51.589821,-0.229675,0.0,0.0,0.0,0.0,0.0,0.0,0.0,0.0,0.0,0.0,0
1724518952,564087249,gpsid,0,0,51.589805,-0.229681,0.0,0.0,0.0,0.0,0.0,0.0,0.0,0.0,0.0,0.0,0
1724518953,64046045,gpsid,0,0,51.589805,-0.229681,0.0,0.0,0.0,0.0,0.0,0.0,0.0,0.0,0.0,0.0,0
1724518953,564065952,gpsid,0,0,51.589788,-0.229695,0.0,0.0,0.0,0.0,0.0,0.0,0.0,0.0,0.0,0.0,0
1724518954,64082433,gpsid,0,0,51.589788,-0.229695,0.0,0.0,0.0,0.0,0.0,0.0,0.0,0.0,0.0,0.0,0
1724518954,564435710,gpsid,0,0,51.589773,-0.229688,0.0,0.0,0.0,0.0,0.0,0.0,0.0,0.0,0.0,0.0,0
1724518955,64058358,gpsid,0,0,51.589773,-0.229688,0.0,0.0,0.0,0.0,0.0,0.0,0.0,0.0,0.0,0.0,0
1724518955,564072877,gpsid,0,0,51.589755,-0.229681,0.0,0.0,0.0,0.0,0.0,0.0,0.0,0.0,0.0,0.0,0
1724518956,64434098,gpsid,0,0,51.589755,-0.229681,0.0,0.0,0.0,0.0,0.0,0.0,0.0,0.0,0.0,0.0,0
1724518956,564131987,gpsid,0,0,51.589736,-0.229688,0.0,0.0,0.0,0.0,0.0,0.0,0.0,0.0,0.0,0.0,0
1724518957,64097357,gpsid,0,0,51.589736,-0.229688,0.0,0.0,0.0,0.0,0.0,0.0,0.0,0.0,0.0,0.0,0
1724518957,565542579,gpsid,0,0,51.589718,-0.229696,0.0,0.0,0.0,0.0,0.0,0.0,0.0,0.0,0.0,0.0,0
1724518958,65055616,gpsid,0,0,51.589718,-0.229696,0.0,0.0,0.0,0.0,0.0,0.0,0.0,0.0,0.0,0.0,0
1724518958,565235578,gpsid,0,0,51.589701,-0.229696,0.0,0.0,0.0,0.0,0.0,0.0,0.0,0.0,0.0,0.0,0
1724518959,64914356,gpsid,0,0,51.589701,-0.229696,0.0,0.0,0.0,0.0,0.0,0.0,0.0,0.0,0.0,0.0,0
1724518959,565124319,gpsid,0,0,51.589683,-0.229705,0.0,0.0,0.0,0.0,0.0,0.0,0.0,0.0,0.0,0.0,0
1724518960,64079207,gpsid,0,0,51.589683,-0.229705,0.0,0.0,0.0,0.0,0.0,0.0,0.0,0.0,0.0,0.0,0
1724518960,565112207,gpsid,0,0,51.589671,-0.229711,0.0,0.0,0.0,0.0,0.0,0.0,0.0,0.0,0.0,0.0,0
1724518961,64950003,gpsid,0,0,51.589671,-0.229711,0.0,0.0,0.0,0.0,0.0,0.0,0.0,0.0,0.0,0.0,0
1724518961,565093243,gpsid,0,0,51.589665,-0.229716,0.0,0.0,0.0,0.0,0.0,0.0,0.0,0.0,0.0,0.0,0
1724518962,64721224,gpsid,0,0,51.589665,-0.229716,0.0,0.0,0.0,0.0,0.0,0.0,0.0,0.0,0.0,0.0,0
1724518962,564097780,gpsid,0,0,51.589651,-0.229728,0.0,0.0,0.0,0.0,0.0,0.0,0.0,0.0,0.0,0.0,0
1724518963,64036187,gpsid,0,0,51.589651,-0.229728,0.0,0.0,0.0,0.0,0.0,0.0,0.0,0.0,0.0,0.0,0
1724518963,564951853,gpsid,0,0,51.589636,-0.229736,0.0,0.0,0.0,0.0,0.0,0.0,0.0,0.0,0.0,0.0,0
1724518964,65005186,gpsid,0,0,51.589636,-0.229736,0.0,0.0,0.0,0.0,0.0,0.0,0.0,0.0,0.0,0.0,0
1724518964,565034908,gpsid,0,0,51.589618,-0.22974,0.0,0.0,0.0,0.0,0.0,0.0,0.0,0.0,0.0,0.0,0
1724518965,65062093,gpsid,0,0,51.589618,-0.22974,0.0,0.0,0.0,0.0,0.0,0.0,0.0,0.0,0.0,0.0,0
1724518965,564951482,gpsid,0,0,51.589601,-0.229738,0.0,0.0,0.0,0.0,0.0,0.0,0.0,0.0,0.0,0.0,0
1724518966,65024167,gpsid,0,0,51.589601,-0.229738,0.0,0.0,0.0,0.0,0.0,0.0,0.0,0.0,0.0,0.0,0
1724518966,564862574,gpsid,0,0,51.589585,-0.229741,0.0,0.0,0.0,0.0,0.0,0.0,0.0,0.0,0.0,0.0,0
1724518967,64933425,gpsid,0,0,51.589585,-0.229741,0.0,0.0,0.0,0.0,0.0,0.0,0.0,0.0,0.0,0.0,0
1724518967,565223555,gpsid,0,0,51.58957,-0.229745,0.0,0.0,0.0,0.0,0.0,0.0,0.0,0.0,0.0,0.0,0
1724518968,65147851,gpsid,0,0,51.58957,-0.229745,0.0,0.0,0.0,0.0,0.0,0.0,0.0,0.0,0.0,0.0,0
1724518968,565000739,gpsid,0,0,51.589555,-0.229748,0.0,0.0,0.0,0.0,0.0,0.0,0.0,0.0,0.0,0.0,0
1724518969,65250591,gpsid,0,0,51.589555,-0.229748,0.0,0.0,0.0,0.0,0.0,0.0,0.0,0.0,0.0,0.0,0
1724518969,565000720,gpsid,0,0,51.58954,-0.229753,0.0,0.0,0.0,0.0,0.0,0.0,0.0,0.0,0.0,0.0,0
1724518970,65081257,gpsid,0,0,51.58954,-0.229753,0.0,0.0,0.0,0.0,0.0,0.0,0.0,0.0,0.0,0.0,0
1724518970,564994090,gpsid,0,0,51.589526,-0.229758,0.0,0.0,0.0,0.0,0.0,0.0,0.0,0.0,0.0,0.0,0
1724518971,65203756,gpsid,0,0,51.589526,-0.229758,0.0,0.0,0.0,0.0,0.0,0.0,0.0,0.0,0.0,0.0,0
1724518971,564994367,gpsid,0,0,51.589511,-0.22976,0.0,0.0,0.0,0.0,0.0,0.0,0.0,0.0,0.0,0.0,0
1724518972,65247033,gpsid,0,0,51.589511,-0.22976,0.0,0.0,0.0,0.0,0.0,0.0,0.0,0.0,0.0,0.0,0
1724518972,565286459,gpsid,0,0,51.5895,-0.229756,0.0,0.0,0.0,0.0,0.0,0.0,0.0,0.0,0.0,0.0,0
1724518973,64988403,gpsid,0,0,51.5895,-0.229756,0.0,0.0,0.0,0.0,0.0,0.0,0.0,0.0,0.0,0.0,0
1724518973,565280792,gpsid,0,0,51.589485,-0.229748,0.0,0.0,0.0,0.0,0.0,0.0,0.0,0.0,0.0,0.0,0
1724518974,64070995,gpsid,0,0,51.589485,-0.229748,0.0,0.0,0.0,0.0,0.0,0.0,0.0,0.0,0.0,0.0,0
1724518974,564146476,gpsid,0,0,51.589471,-0.229736,0.0,0.0,0.0,0.0,0.0,0.0,0.0,0.0,0.0,0.0,0
1724518975,64060957,gpsid,0,0,51.589471,-0.229736,0.0,0.0,0.0,0.0,0.0,0.0,0.0,0.0,0.0,0.0,0
1724518975,565085587,gpsid,0,0,51.589465,-0.229721,0.0,0.0,0.0,0.0,0.0,0.0,0.0,0.0,0.0,0.0,0
1724518976,64965105,gpsid,0,0,51.589465,-0.229721,0.0,0.0,0.0,0.0,0.0,0.0,0.0,0.0,0.0,0.0,0
1724518976,565153457,gpsid,0,0,51.589465,-0.229703,0.0,0.0,0.0,0.0,0.0,0.0,0.0,0.0,0.0,0.0,0
1724518977,65542475,gpsid,0,0,51.589465,-0.229703,0.0,0.0,0.0,0.0,0.0,0.0,0.0,0.0,0.0,0.0,0
1724518977,565428289,gpsid,0,0,51.589465,-0.22968,0.0,0.0,0.0,0.0,0.0,0.0,0.0,0.0,0.0,0.0,0
1724518978,65194548,gpsid,0,0,51.589465,-0.22968,0.0,0.0,0.0,0.0,0.0,0.0,0.0,0.0,0.0,0.0,0
1724518978,565254122,gpsid,0,0,51.589465,-0.229658,0.0,0.0,0.0,0.0,0.0,0.0,0.0,0.0,0.0,0.0,0
1724518979,63956825,gpsid,0,0,51.589465,-0.229658,0.0,0.0,0.0,0.0,0.0,0.0,0.0,0.0,0.0,0.0,0
1724518979,564171344,gpsid,0,0,51.589466,-0.229636,0.0,0.0,0.0,0.0,0.0,0.0,0.0,0.0,0.0,0.0,0
1724518980,63863603,gpsid,0,0,51.589466,-0.229636,0.0,0.0,0.0,0.0,0.0,0.0,0.0,0.0,0.0,0.0,0
1724518980,563782084,gpsid,0,0,51.589458,-0.229616,0.0,0.0,0.0,0.0,0.0,0.0,0.0,0.0,0.0,0.0,0
1724518981,63836047,gpsid,0,0,51.589458,-0.229616,0.0,0.0,0.0,0.0,0.0,0.0,0.0,0.0,0.0,0.0,0
1724518981,564133935,gpsid,0,0,51.589451,-0.229605,0.0,0.0,0.0,0.0,0.0,0.0,0.0,0.0,0.0,0.0,0
1724518982,63751324,gpsid,0,0,51.589451,-0.229605,0.0,0.0,0.0,0.0,0.0,0.0,0.0,0.0,0.0,0.0,0
1724518982,564178712,gpsid,0,0,51.589446,-0.229591,0.0,0.0,0.0,0.0,0.0,0.0,0.0,0.0,0.0,0.0,0
1724518983,64524990,gpsid,0,0,51.589446,-0.229591,0.0,0.0,0.0,0.0,0.0,0.0,0.0,0.0,0.0,0.0,0
1724518983,563745582,gpsid,0,0,51.589441,-0.229575,0.0,0.0,0.0,0.0,0.0,0.0,0.0,0.0,0.0,0.0,0
1724518984,63799008,gpsid,0,0,51.589441,-0.229575,0.0,0.0,0.0,0.0,0.0,0.0,0.0,0.0,0.0,0.0,0
1724518984,563799156,gpsid,0,0,51.589435,-0.229553,0.0,0.0,0.0,0.0,0.0,0.0,0.0,0.0,0.0,0.0,0
1724518985,63810303,gpsid,0,0,51.589435,-0.229553,0.0,0.0,0.0,0.0,0.0,0.0,0.0,0.0,0.0,0.0,0
1724518985,564785859,gpsid,0,0,51.589435,-0.229536,0.0,0.0,0.0,0.0,0.0,0.0,0.0,0.0,0.0,0.0,0
1724518986,63788821,gpsid,0,0,51.589435,-0.229536,0.0,0.0,0.0,0.0,0.0,0.0,0.0,0.0,0.0,0.0,0
1724518986,564129321,gpsid,0,0,51.589428,-0.229513,0.0,0.0,0.0,0.0,0.0,0.0,0.0,0.0,0.0,0.0,0
1724518987,63703395,gpsid,0,0,51.589428,-0.229513,0.0,0.0,0.0,0.0,0.0,0.0,0.0,0.0,0.0,0.0,0
1724518987,563832654,gpsid,0,0,51.589428,-0.22949,0.0,0.0,0.0,0.0,0.0,0.0,0.0,0.0,0.0,0.0,0
1724518988,64090209,gpsid,0,0,51.589428,-0.22949,0.0,0.0,0.0,0.0,0.0,0.0,0.0,0.0,0.0,0.0,0
1724518988,564097653,gpsid,0,0,51.589425,-0.22947,0.0,0.0,0.0,0.0,0.0,0.0,0.0,0.0,0.0,0.0,0
1724518989,65562227,gpsid,0,0,51.589425,-0.22947,0.0,0.0,0.0,0.0,0.0,0.0,0.0,0.0,0.0,0.0,0
1724518989,565596264,gpsid,0,0,51.589418,-0.229445,0.0,0.0,0.0,0.0,0.0,0.0,0.0,0.0,0.0,0.0,0
1724518990,65470634,gpsid,0,0,51.589418,-0.229445,0.0,0.0,0.0,0.0,0.0,0.0,0.0,0.0,0.0,0.0,0
1724518990,564183485,gpsid,0,0,51.589411,-0.22942,0.0,0.0,0.0,0.0,0.0,0.0,0.0,0.0,0.0,0.0,0
1724518991,64019800,gpsid,0,0,51.589411,-0.22942,0.0,0.0,0.0,0.0,0.0,0.0,0.0,0.0,0.0,0.0,0
1724518991,564109337,gpsid,0,0,51.589406,-0.229396,0.0,0.0,0.0,0.0,0.0,0.0,0.0,0.0,0.0,0.0,0
1724518992,64024577,gpsid,0,0,51.589406,-0.229396,0.0,0.0,0.0,0.0,0.0,0.0,0.0,0.0,0.0,0.0,0
1724518992,564991651,gpsid,0,0,51.589398,-0.229368,0.0,0.0,0.0,0.0,0.0,0.0,0.0,0.0,0.0,0.0,0
1724518993,65719336,gpsid,0,0,51.589398,-0.229368,0.0,0.0,0.0,0.0,0.0,0.0,0.0,0.0,0.0,0.0,0
1724518993,564146669,gpsid,0,0,51.589398,-0.229351,0.0,0.0,0.0,0.0,0.0,0.0,0.0,0.0,0.0,0.0,0
1724518994,64894724,gpsid,0,0,51.589398,-0.229351,0.0,0.0,0.0,0.0,0.0,0.0,0.0,0.0,0.0,0.0,0
1724518994,564998409,gpsid,0,0,51.589391,-0.229331,0.0,0.0,0.0,0.0,0.0,0.0,0.0,0.0,0.0,0.0,0
1724518995,65362760,gpsid,0,0,51.589391,-0.229331,0.0,0.0,0.0,0.0,0.0,0.0,0.0,0.0,0.0,0.0,0
1724518995,564167408,gpsid,0,0,51.589381,-0.229311,0.0,0.0,0.0,0.0,0.0,0.0,0.0,0.0,0.0,0.0,0
1724518996,64528019,gpsid,0,0,51.589381,-0.229311,0.0,0.0,0.0,0.0,0.0,0.0,0.0,0.0,0.0,0.0,0
1724518996,564073056,gpsid,0,0,51.589378,-0.229301,0.0,0.0,0.0,0.0,0.0,0.0,0.0,0.0,0.0,0.0,0
1724518997,64274130,gpsid,0,0,51.589378,-0.229301,0.0,0.0,0.0,0.0,0.0,0.0,0.0,0.0,0.0,0.0,0
1724518997,564037870,gpsid,0,0,51.589368,-0.22929,0.0,0.0,0.0,0.0,0.0,0.0,0.0,0.0,0.0,0.0,0
1724518998,65535481,gpsid,0,0,51.589368,-0.22929,0.0,0.0,0.0,0.0,0.0,0.0,0.0,0.0,0.0,0.0,0
1724518998,565211240,gpsid,0,0,51.589355,-0.229285,0.0,0.0,0.0,0.0,0.0,0.0,0.0,0.0,0.0,0.0,0
1724518999,65391110,gpsid,0,0,51.589355,-0.229285,0.0,0.0,0.0,0.0,0.0,0.0,0.0,0.0,0.0,0.0,0
1724518999,566222554,gpsid,0,0,51.589345,-0.229285,0.0,0.0,0.0,0.0,0.0,0.0,0.0,0.0,0.0,0.0,0
1724519000,65089369,gpsid,0,0,51.589345,-0.229285,0.0,0.0,0.0,0.0,0.0,0.0,0.0,0.0,0.0,0.0,0
1724519000,565254590,gpsid,0,0,51.589331,-0.22929,0.0,0.0,0.0,0.0,0.0,0.0,0.0,0.0,0.0,0.0,0
1724519001,65102479,gpsid,0,0,51.589331,-0.22929,0.0,0.0,0.0,0.0,0.0,0.0,0.0,0.0,0.0,0.0,0
1724519001,565461460,gpsid,0,0,51.589326,-0.22929,0.0,0.0,0.0,0.0,0.0,0.0,0.0,0.0,0.0,0.0,0
1724519002,65747645,gpsid,0,0,51.589326,-0.22929,0.0,0.0,0.0,0.0,0.0,0.0,0.0,0.0,0.0,0.0,0
1724519002,565246923,gpsid,0,0,51.589328,-0.229285,0.0,0.0,0.0,0.0,0.0,0.0,0.0,0.0,0.0,0.0,0
1724519003,65038885,gpsid,0,0,51.589328,-0.229285,0.0,0.0,0.0,0.0,0.0,0.0,0.0,0.0,0.0,0.0,0
1724519003,565094774,gpsid,0,0,51.589328,-0.229283,0.0,0.0,0.0,0.0,0.0,0.0,0.0,0.0,0.0,0.0,0
1724519004,65728292,gpsid,0,0,51.589328,-0.229283,0.0,0.0,0.0,0.0,0.0,0.0,0.0,0.0,0.0,0.0,0
1724519004,565054644,gpsid,0,0,51.589328,-0.229286,0.0,0.0,0.0,0.0,0.0,0.0,0.0,0.0,0.0,0.0,0
1724519005,63994643,gpsid,0,0,51.589328,-0.229286,0.0,0.0,0.0,0.0,0.0,0.0,0.0,0.0,0.0,0.0,0
1724519005,564066754,gpsid,0,0,51.589323,-0.229285,0.0,0.0,0.0,0.0,0.0,0.0,0.0,0.0,0.0,0.0,0
1724519006,63993161,gpsid,0,0,51.589323,-0.229285,0.0,0.0,0.0,0.0,0.0,0.0,0.0,0.0,0.0,0.0,0
1724519006,564109809,gpsid,0,0,51.589315,-0.229281,0.0,0.0,0.0,0.0,0.0,0.0,0.0,0.0,0.0,0.0,0
1724519007,64102179,gpsid,0,0,51.589315,-0.229281,0.0,0.0,0.0,0.0,0.0,0.0,0.0,0.0,0.0,0.0,0
1724519007,564044086,gpsid,0,0,51.589305,-0.229274,0.0,0.0,0.0,0.0,0.0,0.0,0.0,0.0,0.0,0.0,0
