1724863717,511431661,gpsid,0,0,51.588578,-0.230098,0.0,0.0,0.0,0.0,0.0,0.0,0.0,0.0,0.0,0.0,0
1724863718,11436623,gpsid,0,0,51.588581,-0.230091,0.0,0.0,0.0,0.0,0.0,0.0,0.0,0.0,0.0,0.0,0
1724863718,511188234,gpsid,0,0,51.588581,-0.230091,0.0,0.0,0.0,0.0,0.0,0.0,0.0,0.0,0.0,0.0,0
1724863719,11255956,gpsid,0,0,51.588588,-0.230088,0.0,0.0,0.0,0.0,0.0,0.0,0.0,0.0,0.0,0.0,0
1724863719,512435160,gpsid,0,0,51.588588,-0.230088,0.0,0.0,0.0,0.0,0.0,0.0,0.0,0.0,0.0,0.0,0
1724863720,11449696,gpsid,0,0,51.588595,-0.230085,0.0,0.0,0.0,0.0,0.0,0.0,0.0,0.0,0.0,0.0,0
1724863720,511340511,gpsid,0,0,51.588595,-0.230085,0.0,0.0,0.0,0.0,0.0,0.0,0.0,0.0,0.0,0.0,0
1724863721,12138881,gpsid,0,0,51.58859,-0.230075,0.0,0.0,0.0,0.0,0.0,0.0,0.0,0.0,0.0,0.0,0
1724863721,510877899,gpsid,0,0,51.58859,-0.230075,0.0,0.0,0.0,0.0,0.0,0.0,0.0,0.0,0.0,0.0,0
1724863722,11450751,gpsid,0,0,51.588588,-0.23006,0.0,0.0,0.0,0.0,0.0,0.0,0.0,0.0,0.0,0.0,0
1724863722,510850195,gpsid,0,0,51.588588,-0.23006,0.0,0.0,0.0,0.0,0.0,0.0,0.0,0.0,0.0,0.0,0
1724863723,12167102,gpsid,0,0,51.588605,-0.23004,0.0,0.0,0.0,0.0,0.0,0.0,0.0,0.0,0.0,0.0,0
1724863723,511273805,gpsid,0,0,51.588605,-0.23004,0.0,0.0,0.0,0.0,0.0,0.0,0.0,0.0,0.0,0.0,0
1724863724,11079120,gpsid,0,0,51.588635,-0.230018,0.0,0.0,0.0,0.0,0.0,0.0,0.0,0.0,0.0,0.0,0
1724863724,511185508,gpsid,0,0,51.588635,-0.230018,0.0,0.0,0.0,0.0,0.0,0.0,0.0,0.0,0.0,0.0,0
1724863725,11172341,gpsid,0,0,51.58864,-0.230011,0.0,0.0,0.0,0.0,0.0,0.0,0.0,0.0,0.0,0.0,0
1724863725,512204415,gpsid,0,0,51.58864,-0.230011,0.0,0.0,0.0,0.0,0.0,0.0,0.0,0.0,0.0,0.0,0
1724863726,11793489,gpsid,0,0,51.588645,-0.230003,0.0,0.0,0.0,0.0,0.0,0.0,0.0,0.0,0.0,0.0,0
1724863726,511722563,gpsid,0,0,51.588645,-0.230003,0.0,0.0,0.0,0.0,0.0,0.0,0.0,0.0,0.0,0.0,0
1724863727,11235248,gpsid,0,0,51.588643,-0.229995,0.0,0.0,0.0,0.0,0.0,0.0,0.0,0.0,0.0,0.0,0
1724863727,510911914,gpsid,0,0,51.588643,-0.229995,0.0,0.0,0.0,0.0,0.0,0.0,0.0,0.0,0.0,0.0,0
1724863728,11466840,gpsid,0,0,51.588646,-0.229978,0.0,0.0,0.0,0.0,0.0,0.0,0.0,0.0,0.0,0.0,0
1724863728,512443469,gpsid,0,0,51.588646,-0.229978,0.0,0.0,0.0,0.0,0.0,0.0,0.0,0.0,0.0,0.0,0
1724863729,12235709,gpsid,0,0,51.588645,-0.229965,0.0,0.0,0.0,0.0,0.0,0.0,0.0,0.0,0.0,0.0,0
1724863729,512216024,gpsid,0,0,51.588645,-0.229965,0.0,0.0,0.0,0.0,0.0,0.0,0.0,0.0,0.0,0.0,0
1724863730,12342209,gpsid,0,0,51.58864,-0.229948,0.0,0.0,0.0,0.0,0.0,0.0,0.0,0.0,0.0,0.0,0
1724863730,511181672,gpsid,0,0,51.58864,-0.229948,0.0,0.0,0.0,0.0,0.0,0.0,0.0,0.0,0.0,0.0,0
1724863731,11222042,gpsid,0,0,51.58863,-0.22993,0.0,0.0,0.0,0.0,0.0,0.0,0.0,0.0,0.0,0.0,0
1724863731,511260597,gpsid,0,0,51.58863,-0.22993,0.0,0.0,0.0,0.0,0.0,0.0,0.0,0.0,0.0,0.0,0
1724863732,12280319,gpsid,0,0,51.588621,-0.22991,0.0,0.0,0.0,0.0,0.0,0.0,0.0,0.0,0.0,0.0,0
1724863732,512448689,gpsid,0,0,51.588621,-0.22991,0.0,0.0,0.0,0.0,0.0,0.0,0.0,0.0,0.0,0.0,0
1724863733,12096022,gpsid,0,0,51.588611,-0.229891,0.0,0.0,0.0,0.0,0.0,0.0,0.0,0.0,0.0,0.0,0
1724863733,512428762,gpsid,0,0,51.588611,-0.229891,0.0,0.0,0.0,0.0,0.0,0.0,0.0,0.0,0.0,0.0,0
1724863734,12113466,gpsid,0,0,51.588603,-0.229875,0.0,0.0,0.0,0.0,0.0,0.0,0.0,0.0,0.0,0.0,0
1724863734,512626336,gpsid,0,0,51.588603,-0.229875,0.0,0.0,0.0,0.0,0.0,0.0,0.0,0.0,0.0,0.0,0
1724863735,12358132,gpsid,0,0,51.588598,-0.229858,0.0,0.0,0.0,0.0,0.0,0.0,0.0,0.0,0.0,0.0,0
1724863735,511246965,gpsid,0,0,51.588598,-0.229858,0.0,0.0,0.0,0.0,0.0,0.0,0.0,0.0,0.0,0.0,0
1724863736,11214372,gpsid,0,0,51.588593,-0.229845,0.0,0.0,0.0,0.0,0.0,0.0,0.0,0.0,0.0,0.0,0
1724863736,511139779,gpsid,0,0,51.588593,-0.229845,0.0,0.0,0.0,0.0,0.0,0.0,0.0,0.0,0.0,0.0,0
1724863737,11600538,gpsid,0,0,51.588591,-0.229836,0.0,0.0,0.0,0.0,0.0,0.0,0.0,0.0,0.0,0.0,0
1724863737,511986390,gpsid,0,0,51.588591,-0.229836,0.0,0.0,0.0,0.0,0.0,0.0,0.0,0.0,0.0,0.0,0
1724863738,11606352,gpsid,0,0,51.588588,-0.22982,0.0,0.0,0.0,0.0,0.0,0.0,0.0,0.0,0.0,0.0,0
1724863738,511568019,gpsid,0,0,51.588588,-0.22982,0.0,0.0,0.0,0.0,0.0,0.0,0.0,0.0,0.0,0.0,0
1724863739,11375370,gpsid,0,0,51.588583,-0.229801,0.0,0.0,0.0,0.0,0.0,0.0,0.0,0.0,0.0,0.0,0
1724863739,511494333,gpsid,0,0,51.588583,-0.229801,0.0,0.0,0.0,0.0,0.0,0.0,0.0,0.0,0.0,0.0,0
1724863740,11628444,gpsid,0,0,51.5886,-0.229756,0.0,0.0,0.0,0.0,0.0,0.0,0.0,0.0,0.0,0.0,0
1724863740,511269851,gpsid,0,0,51.5886,-0.229756,0.0,0.0,0.0,0.0,0.0,0.0,0.0,0.0,0.0,0.0,0
1724863741,11285128,gpsid,0,0,51.588608,-0.22973,0.0,0.0,0.0,0.0,0.0,0.0,0.0,0.0,0.0,0.0,0
1724863741,511187332,gpsid,0,0,51.588608,-0.22973,0.0,0.0,0.0,0.0,0.0,0.0,0.0,0.0,0.0,0.0,0
1724863742,11348813,gpsid,0,0,51.588613,-0.229706,0.0,0.0,0.0,0.0,0.0,0.0,0.0,0.0,0.0,0.0,0
1724863742,511199609,gpsid,0,0,51.588613,-0.229706,0.0,0.0,0.0,0.0,0.0,0.0,0.0,0.0,0.0,0.0,0
1724863743,11547942,gpsid,0,0,51.588613,-0.229683,0.0,0.0,0.0,0.0,0.0,0.0,0.0,0.0,0.0,0.0,0
1724863743,511252275,gpsid,0,0,51.588613,-0.229683,0.0,0.0,0.0,0.0,0.0,0.0,0.0,0.0,0.0,0.0,0
1724863744,11266478,gpsid,0,0,51.588613,-0.22966,0.0,0.0,0.0,0.0,0.0,0.0,0.0,0.0,0.0,0.0,0
1724863744,511405219,gpsid,0,0,51.588613,-0.22966,0.0,0.0,0.0,0.0,0.0,0.0,0.0,0.0,0.0,0.0,0
1724863745,11227070,gpsid,0,0,51.588613,-0.229641,0.0,0.0,0.0,0.0,0.0,0.0,0.0,0.0,0.0,0.0,0
1724863745,511207533,gpsid,0,0,51.588613,-0.229641,0.0,0.0,0.0,0.0,0.0,0.0,0.0,0.0,0.0,0.0,0
1724863746,11609088,gpsid,0,0,51.588611,-0.229623,0.0,0.0,0.0,0.0,0.0,0.0,0.0,0.0,0.0,0.0,0
1724863746,511236977,gpsid,0,0,51.588611,-0.229623,0.0,0.0,0.0,0.0,0.0,0.0,0.0,0.0,0.0,0.0,0
1724863747,11230310,gpsid,0,0,51.588605,-0.229606,0.0,0.0,0.0,0.0,0.0,0.0,0.0,0.0,0.0,0.0,0
1724863747,511599347,gpsid,0,0,51.588605,-0.229606,0.0,0.0,0.0,0.0,0.0,0.0,0.0,0.0,0.0,0.0,0
1724863748,11251569,gpsid,0,0,51.5886,-0.229596,0.0,0.0,0.0,0.0,0.0,0.0,0.0,0.0,0.0,0.0,0
1724863748,511144346,gpsid,0,0,51.5886,-0.229596,0.0,0.0,0.0,0.0,0.0,0.0,0.0,0.0,0.0,0.0,0
1724863749,11664161,gpsid,0,0,51.588596,-0.229583,0.0,0.0,0.0,0.0,0.0,0.0,0.0,0.0,0.0,0.0,0
1724863749,511171679,gpsid,0,0,51.588596,-0.229583,0.0,0.0,0.0,0.0,0.0,0.0,0.0,0.0,0.0,0.0,0
1724863750,11460234,gpsid,0,0,51.588588,-0.229565,0.0,0.0,0.0,0.0,0.0,0.0,0.0,0.0,0.0,0.0,0
1724863750,511373697,gpsid,0,0,51.588588,-0.229565,0.0,0.0,0.0,0.0,0.0,0.0,0.0,0.0,0.0,0.0,0
1724863751,11608863,gpsid,0,0,51.588578,-0.229551,0.0,0.0,0.0,0.0,0.0,0.0,0.0,0.0,0.0,0.0,0
1724863751,511205344,gpsid,0,0,51.588578,-0.229551,0.0,0.0,0.0,0.0,0.0,0.0,0.0,0.0,0.0,0.0,0
1724863752,11237511,gpsid,0,0,51.588568,-0.229545,0.0,0.0,0.0,0.0,0.0,0.0,0.0,0.0,0.0,0.0,0
1724863752,511185029,gpsid,0,0,51.588568,-0.229545,0.0,0.0,0.0,0.0,0.0,0.0,0.0,0.0,0.0,0.0,0
1724863753,11534751,gpsid,0,0,51.58856,-0.229536,0.0,0.0,0.0,0.0,0.0,0.0,0.0,0.0,0.0,0.0,0
1724863753,511252991,gpsid,0,0,51.58856,-0.229536,0.0,0.0,0.0,0.0,0.0,0.0,0.0,0.0,0.0,0.0,0
1724863754,11221639,gpsid,0,0,51.588555,-0.22952,0.0,0.0,0.0,0.0,0.0,0.0,0.0,0.0,0.0,0.0,0
1724863754,511193305,gpsid,0,0,51.588555,-0.22952,0.0,0.0,0.0,0.0,0.0,0.0,0.0,0.0,0.0,0.0,0
1724863755,11215620,gpsid,0,0,51.588553,-0.2295,0.0,0.0,0.0,0.0,0.0,0.0,0.0,0.0,0.0,0.0,0
1724863755,511160027,gpsid,0,0,51.588553,-0.2295,0.0,0.0,0.0,0.0,0.0,0.0,0.0,0.0,0.0,0.0,0
1724863756,11218490,gpsid,0,0,51.588553,-0.229483,0.0,0.0,0.0,0.0,0.0,0.0,0.0,0.0,0.0,0.0,0
1724863756,511188249,gpsid,0,0,51.588553,-0.229483,0.0,0.0,0.0,0.0,0.0,0.0,0.0,0.0,0.0,0.0,0
1724863757,11581322,gpsid,0,0,51.588555,-0.229476,0.0,0.0,0.0,0.0,0.0,0.0,0.0,0.0,0.0,0.0,0
1724863757,511199674,gpsid,0,0,51.588555,-0.229476,0.0,0.0,0.0,0.0,0.0,0.0,0.0,0.0,0.0,0.0,0
1724863758,11197877,gpsid,0,0,51.588561,-0.229485,0.0,0.0,0.0,0.0,0.0,0.0,0.0,0.0,0.0,0.0,0
1724863758,511437488,gpsid,0,0,51.588561,-0.229485,0.0,0.0,0.0,0.0,0.0,0.0,0.0,0.0,0.0,0.0,0
1724863759,11214840,gpsid,0,0,51.588571,-0.229505,0.0,0.0,0.0,0.0,0.0,0.0,0.0,0.0,0.0,0.0,0
1724863759,511217117,gpsid,0,0,51.588571,-0.229505,0.0,0.0,0.0,0.0,0.0,0.0,0.0,0.0,0.0,0.0,0
1724863760,11739117,gpsid,0,0,51.588578,-0.229525,0.0,0.0,0.0,0.0,0.0,0.0,0.0,0.0,0.0,0.0,0
1724863760,511326468,gpsid,0,0,51.588578,-0.229525,0.0,0.0,0.0,0.0,0.0,0.0,0.0,0.0,0.0,0.0,0
1724863761,11289709,gpsid,0,0,51.588586,-0.229545,0.0,0.0,0.0,0.0,0.0,0.0,0.0,0.0,0.0,0.0,0
1724863761,511251431,gpsid,0,0,51.588586,-0.229545,0.0,0.0,0.0,0.0,0.0,0.0,0.0,0.0,0.0,0.0,0
1724863762,11240301,gpsid,0,0,51.5886,-0.229561,0.0,0.0,0.0,0.0,0.0,0.0,0.0,0.0,0.0,0.0,0
1724863762,511260171,gpsid,0,0,51.5886,-0.229561,0.0,0.0,0.0,0.0,0.0,0.0,0.0,0.0,0.0,0.0,0
1724863763,11617486,gpsid,0,0,51.588613,-0.229576,0.0,0.0,0.0,0.0,0.0,0.0,0.0,0.0,0.0,0.0,0
1724863763,511187485,gpsid,0,0,51.588613,-0.229576,0.0,0.0,0.0,0.0,0.0,0.0,0.0,0.0,0.0,0.0,0
1724863764,11236633,gpsid,0,0,51.588621,-0.229591,0.0,0.0,0.0,0.0,0.0,0.0,0.0,0.0,0.0,0.0,0
1724863764,511187874,gpsid,0,0,51.588621,-0.229591,0.0,0.0,0.0,0.0,0.0,0.0,0.0,0.0,0.0,0.0,0
1724863765,11337447,gpsid,0,0,51.58863,-0.229606,0.0,0.0,0.0,0.0,0.0,0.0,0.0,0.0,0.0,0.0,0
1724863765,512124688,gpsid,0,0,51.58863,-0.229606,0.0,0.0,0.0,0.0,0.0,0.0,0.0,0.0,0.0,0.0,0
1724863766,11324613,gpsid,0,0,51.58864,-0.229616,0.0,0.0,0.0,0.0,0.0,0.0,0.0,0.0,0.0,0.0,0
1724863766,511198095,gpsid,0,0,51.58864,-0.229616,0.0,0.0,0.0,0.0,0.0,0.0,0.0,0.0,0.0,0.0,0
1724863767,11462131,gpsid,0,0,51.588645,-0.229623,0.0,0.0,0.0,0.0,0.0,0.0,0.0,0.0,0.0,0.0,0
1724863767,511250835,gpsid,0,0,51.588645,-0.229623,0.0,0.0,0.0,0.0,0.0,0.0,0.0,0.0,0.0,0.0,0
1724863768,11270612,gpsid,0,0,51.588651,-0.229625,0.0,0.0,0.0,0.0,0.0,0.0,0.0,0.0,0.0,0.0,0
1724863768,511172853,gpsid,0,0,51.588651,-0.229625,0.0,0.0,0.0,0.0,0.0,0.0,0.0,0.0,0.0,0.0,0
1724863769,11244500,gpsid,0,0,51.588665,-0.22962,0.0,0.0,0.0,0.0,0.0,0.0,0.0,0.0,0.0,0.0,0
1724863769,511103222,gpsid,0,0,51.588665,-0.22962,0.0,0.0,0.0,0.0,0.0,0.0,0.0,0.0,0.0,0.0,0
1724863770,11188074,gpsid,0,0,51.58868,-0.229613,0.0,0.0,0.0,0.0,0.0,0.0,0.0,0.0,0.0,0.0,0
1724863770,511163759,gpsid,0,0,51.58868,-0.229613,0.0,0.0,0.0,0.0,0.0,0.0,0.0,0.0,0.0,0.0,0
1724863771,11747166,gpsid,0,0,51.588686,-0.229603,0.0,0.0,0.0,0.0,0.0,0.0,0.0,0.0,0.0,0.0,0
1724863771,511235184,gpsid,0,0,51.588686,-0.229603,0.0,0.0,0.0,0.0,0.0,0.0,0.0,0.0,0.0,0.0,0
1724863772,11294110,gpsid,0,0,51.58869,-0.229596,0.0,0.0,0.0,0.0,0.0,0.0,0.0,0.0,0.0,0.0,0
1724863772,511124739,gpsid,0,0,51.58869,-0.229596,0.0,0.0,0.0,0.0,0.0,0.0,0.0,0.0,0.0,0.0,0
1724863773,11249202,gpsid,0,0,51.588701,-0.229586,0.0,0.0,0.0,0.0,0.0,0.0,0.0,0.0,0.0,0.0,0
1724863773,511138164,gpsid,0,0,51.588701,-0.229586,0.0,0.0,0.0,0.0,0.0,0.0,0.0,0.0,0.0,0.0,0
1724863774,11271683,gpsid,0,0,51.588711,-0.229578,0.0,0.0,0.0,0.0,0.0,0.0,0.0,0.0,0.0,0.0,0
1724863774,511186182,gpsid,0,0,51.588711,-0.229578,0.0,0.0,0.0,0.0,0.0,0.0,0.0,0.0,0.0,0.0,0
1724863775,11210256,gpsid,0,0,51.588713,-0.22957,0.0,0.0,0.0,0.0,0.0,0.0,0.0,0.0,0.0,0.0,0
1724863775,511076645,gpsid,0,0,51.588713,-0.22957,0.0,0.0,0.0,0.0,0.0,0.0,0.0,0.0,0.0,0.0,0
1724863776,11593922,gpsid,0,0,51.588715,-0.229563,0.0,0.0,0.0,0.0,0.0,0.0,0.0,0.0,0.0,0.0,0
1724863776,511327959,gpsid,0,0,51.588715,-0.229563,0.0,0.0,0.0,0.0,0.0,0.0,0.0,0.0,0.0,0.0,0
1724863777,11253662,gpsid,0,0,51.588718,-0.229555,0.0,0.0,0.0,0.0,0.0,0.0,0.0,0.0,0.0,0.0,0
1724863777,511319514,gpsid,0,0,51.588718,-0.229555,0.0,0.0,0.0,0.0,0.0,0.0,0.0,0.0,0.0,0.0,0
1724863778,10827902,gpsid,0,0,51.588728,-0.229545,0.0,0.0,0.0,0.0,0.0,0.0,0.0,0.0,0.0,0.0,0
1724863778,512022791,gpsid,0,0,51.588728,-0.229545,0.0,0.0,0.0,0.0,0.0,0.0,0.0,0.0,0.0,0.0,0
1724863779,12274069,gpsid,0,0,51.588736,-0.229536,0.0,0.0,0.0,0.0,0.0,0.0,0.0,0.0,0.0,0.0,0
1724863779,512539920,gpsid,0,0,51.588736,-0.229536,0.0,0.0,0.0,0.0,0.0,0.0,0.0,0.0,0.0,0.0,0
1724863780,12120346,gpsid,0,0,51.588746,-0.229526,0.0,0.0,0.0,0.0,0.0,0.0,0.0,0.0,0.0,0.0,0
1724863780,511255364,gpsid,0,0,51.588746,-0.229526,0.0,0.0,0.0,0.0,0.0,0.0,0.0,0.0,0.0,0.0,0
1724863781,11197271,gpsid,0,0,51.588755,-0.229523,0.0,0.0,0.0,0.0,0.0,0.0,0.0,0.0,0.0,0.0,0
1724863781,511149771,gpsid,0,0,51.588755,-0.229523,0.0,0.0,0.0,0.0,0.0,0.0,0.0,0.0,0.0,0.0,0
1724863782,11260585,gpsid,0,0,51.588765,-0.229513,0.0,0.0,0.0,0.0,0.0,0.0,0.0,0.0,0.0,0.0,0
1724863782,511154307,gpsid,0,0,51.588765,-0.229513,0.0,0.0,0.0,0.0,0.0,0.0,0.0,0.0,0.0,0.0,0
1724863783,11610955,gpsid,0,0,51.588776,-0.229506,0.0,0.0,0.0,0.0,0.0,0.0,0.0,0.0,0.0,0.0,0
1724863783,511914714,gpsid,0,0,51.588776,-0.229506,0.0,0.0,0.0,0.0,0.0,0.0,0.0,0.0,0.0,0.0,0
1724863784,11264177,gpsid,0,0,51.588798,-0.22952,0.0,0.0,0.0,0.0,0.0,0.0,0.0,0.0,0.0,0.0,0
1724863784,511961028,gpsid,0,0,51.588798,-0.22952,0.0,0.0,0.0,0.0,0.0,0.0,0.0,0.0,0.0,0.0,0
1724863785,11324824,gpsid,0,0,51.588823,-0.229543,0.0,0.0,0.0,0.0,0.0,0.0,0.0,0.0,0.0,0.0,0
1724863785,511202213,gpsid,0,0,51.588823,-0.229543,0.0,0.0,0.0,0.0,0.0,0.0,0.0,0.0,0.0,0.0,0
1724863786,11501027,gpsid,0,0,51.588843,-0.229556,0.0,0.0,0.0,0.0,0.0,0.0,0.0,0.0,0.0,0.0,0
1724863786,511172268,gpsid,0,0,51.588843,-0.229556,0.0,0.0,0.0,0.0,0.0,0.0,0.0,0.0,0.0,0.0,0
1724863787,11273971,gpsid,0,0,51.588858,-0.229561,0.0,0.0,0.0,0.0,0.0,0.0,0.0,0.0,0.0,0.0,0
1724863787,511051064,gpsid,0,0,51.588858,-0.229561,0.0,0.0,0.0,0.0,0.0,0.0,0.0,0.0,0.0,0.0,0
1724863788,11262748,gpsid,0,0,51.588868,-0.229558,0.0,0.0,0.0,0.0,0.0,0.0,0.0,0.0,0.0,0.0,0
1724863788,511134655,gpsid,0,0,51.588868,-0.229558,0.0,0.0,0.0,0.0,0.0,0.0,0.0,0.0,0.0,0.0,0
1724863789,11252414,gpsid,0,0,51.588871,-0.229555,0.0,0.0,0.0,0.0,0.0,0.0,0.0,0.0,0.0,0.0,0
1724863789,511123710,gpsid,0,0,51.588871,-0.229555,0.0,0.0,0.0,0.0,0.0,0.0,0.0,0.0,0.0,0.0,0
1724863790,11291395,gpsid,0,0,51.588871,-0.229553,0.0,0.0,0.0,0.0,0.0,0.0,0.0,0.0,0.0,0.0,0
1724863790,511270543,gpsid,0,0,51.588871,-0.229553,0.0,0.0,0.0,0.0,0.0,0.0,0.0,0.0,0.0,0.0,0
1724863791,11272395,gpsid,0,0,51.588871,-0.229543,0.0,0.0,0.0,0.0,0.0,0.0,0.0,0.0,0.0,0.0,0
1724863791,511147931,gpsid,0,0,51.588871,-0.229543,0.0,0.0,0.0,0.0,0.0,0.0,0.0,0.0,0.0,0.0,0
1724863792,12139950,gpsid,0,0,51.588876,-0.229526,0.0,0.0,0.0,0.0,0.0,0.0,0.0,0.0,0.0,0.0,0
1724863792,512071561,gpsid,0,0,51.588876,-0.229526,0.0,0.0,0.0,0.0,0.0,0.0,0.0,0.0,0.0,0.0,0
1724863793,12086986,gpsid,0,0,51.588873,-0.229516,0.0,0.0,0.0,0.0,0.0,0.0,0.0,0.0,0.0,0.0,0
1724863793,512005615,gpsid,0,0,51.588873,-0.229516,0.0,0.0,0.0,0.0,0.0,0.0,0.0,0.0,0.0,0.0,0
1724863794,11247652,gpsid,0,0,51.58887,-0.22951,0.0,0.0,0.0,0.0,0.0,0.0,0.0,0.0,0.0,0.0,0
1724863794,511164078,gpsid,0,0,51.58887,-0.22951,0.0,0.0,0.0,0.0,0.0,0.0,0.0,0.0,0.0,0.0,0
1724863795,11442522,gpsid,0,0,51.588865,-0.2295,0.0,0.0,0.0,0.0,0.0,0.0,0.0,0.0,0.0,0.0,0
1724863795,511221540,gpsid,0,0,51.588865,-0.2295,0.0,0.0,0.0,0.0,0.0,0.0,0.0,0.0,0.0,0.0,0
1724863796,11331577,gpsid,0,0,51.588861,-0.22949,0.0,0.0,0.0,0.0,0.0,0.0,0.0,0.0,0.0,0.0,0
1724863796,511248095,gpsid,0,0,51.588861,-0.22949,0.0,0.0,0.0,0.0,0.0,0.0,0.0,0.0,0.0,0.0,0
1724863797,11212373,gpsid,0,0,51.588863,-0.229476,0.0,0.0,0.0,0.0,0.0,0.0,0.0,0.0,0.0,0.0,0
1724863797,511217206,gpsid,0,0,51.588863,-0.229476,0.0,0.0,0.0,0.0,0.0,0.0,0.0,0.0,0.0,0.0,0
1724863798,11425372,gpsid,0,0,51.588865,-0.22948,0.0,0.0,0.0,0.0,0.0,0.0,0.0,0.0,0.0,0.0,0
1724863798,511180575,gpsid,0,0,51.588865,-0.22948,0.0,0.0,0.0,0.0,0.0,0.0,0.0,0.0,0.0,0.0,0
1724863799,11286890,gpsid,0,0,51.588866,-0.229483,0.0,0.0,0.0,0.0,0.0,0.0,0.0,0.0,0.0,0.0,0
1724863799,511243445,gpsid,0,0,51.588866,-0.229483,0.0,0.0,0.0,0.0,0.0,0.0,0.0,0.0,0.0,0.0,0
1724863800,12087704,gpsid,0,0,51.588871,-0.22949,0.0,0.0,0.0,0.0,0.0,0.0,0.0,0.0,0.0,0.0,0
1724863800,511197185,gpsid,0,0,51.588871,-0.22949,0.0,0.0,0.0,0.0,0.0,0.0,0.0,0.0,0.0,0.0,0
1724863801,11353741,gpsid,0,0,51.588875,-0.229496,0.0,0.0,0.0,0.0,0.0,0.0,0.0,0.0,0.0,0.0,0
1724863801,511250963,gpsid,0,0,51.588875,-0.229496,0.0,0.0,0.0,0.0,0.0,0.0,0.0,0.0,0.0,0.0,0
1724863802,11305425,gpsid,0,0,51.588876,-0.229508,0.0,0.0,0.0,0.0,0.0,0.0,0.0,0.0,0.0,0.0,0
1724863802,511188388,gpsid,0,0,51.588876,-0.229508,0.0,0.0,0.0,0.0,0.0,0.0,0.0,0.0,0.0,0.0,0
1724863803,12129184,gpsid,0,0,51.588875,-0.229521,0.0,0.0,0.0,0.0,0.0,0.0,0.0,0.0,0.0,0.0,0
1724863803,511197332,gpsid,0,0,51.588875,-0.229521,0.0,0.0,0.0,0.0,0.0,0.0,0.0,0.0,0.0,0.0,0
1724863804,10872183,gpsid,0,0,51.588875,-0.229536,0.0,0.0,0.0,0.0,0.0,0.0,0.0,0.0,0.0,0.0,0
1724863804,511397590,gpsid,0,0,51.588875,-0.229536,0.0,0.0,0.0,0.0,0.0,0.0,0.0,0.0,0.0,0.0,0
1724863805,11270220,gpsid,0,0,51.588875,-0.229553,0.0,0.0,0.0,0.0,0.0,0.0,0.0,0.0,0.0,0.0,0
1724863805,511221997,gpsid,0,0,51.588875,-0.229553,0.0,0.0,0.0,0.0,0.0,0.0,0.0,0.0,0.0,0.0,0
1724863806,13367904,gpsid,0,0,51.588881,-0.229568,0.0,0.0,0.0,0.0,0.0,0.0,0.0,0.0,0.0,0.0,0
1724863806,511244367,gpsid,0,0,51.588881,-0.229568,0.0,0.0,0.0,0.0,0.0,0.0,0.0,0.0,0.0,0.0,0
1724863807,11298515,gpsid,0,0,51.588883,-0.229586,0.0,0.0,0.0,0.0,0.0,0.0,0.0,0.0,0.0,0.0,0
1724863807,511070478,gpsid,0,0,51.588883,-0.229586,0.0,0.0,0.0,0.0,0.0,0.0,0.0,0.0,0.0,0.0,0
1724863808,10907051,gpsid,0,0,51.588885,-0.229608,0.0,0.0,0.0,0.0,0.0,0.0,0.0,0.0,0.0,0.0,0
1724863808,510805570,gpsid,0,0,51.588885,-0.229608,0.0,0.0,0.0,0.0,0.0,0.0,0.0,0.0,0.0,0.0,0
1724863809,11529291,gpsid,0,0,51.588888,-0.229633,0.0,0.0,0.0,0.0,0.0,0.0,0.0,0.0,0.0,0.0,0
1724863809,510859310,gpsid,0,0,51.588888,-0.229633,0.0,0.0,0.0,0.0,0.0,0.0,0.0,0.0,0.0,0.0,0
1724863810,11146809,gpsid,0,0,51.588888,-0.229655,0.0,0.0,0.0,0.0,0.0,0.0,0.0,0.0,0.0,0.0,0
1724863810,510840439,gpsid,0,0,51.588888,-0.229655,0.0,0.0,0.0,0.0,0.0,0.0,0.0,0.0,0.0,0.0,0
1724863811,11180012,gpsid,0,0,51.588893,-0.22967,0.0,0.0,0.0,0.0,0.0,0.0,0.0,0.0,0.0,0.0,0
1724863811,511082197,gpsid,0,0,51.588893,-0.22967,0.0,0.0,0.0,0.0,0.0,0.0,0.0,0.0,0.0,0.0,0
1724863812,10868141,gpsid,0,0,51.588895,-0.229685,0.0,0.0,0.0,0.0,0.0,0.0,0.0,0.0,0.0,0.0,0
1724863812,510872493,gpsid,0,0,51.588895,-0.229685,0.0,0.0,0.0,0.0,0.0,0.0,0.0,0.0,0.0,0.0,0
1724863813,11560104,gpsid,0,0,51.588896,-0.229698,0.0,0.0,0.0,0.0,0.0,0.0,0.0,0.0,0.0,0.0,0
1724863813,510858307,gpsid,0,0,51.588896,-0.229698,0.0,0.0,0.0,0.0,0.0,0.0,0.0,0.0,0.0,0.0,0
1724863814,11255937,gpsid,0,0,51.588901,-0.229713,0.0,0.0,0.0,0.0,0.0,0.0,0.0,0.0,0.0,0.0,0
1724863814,511259862,gpsid,0,0,51.588901,-0.229713,0.0,0.0,0.0,0.0,0.0,0.0,0.0,0.0,0.0,0.0,0
1724863815,11569880,gpsid,0,0,51.588905,-0.229726,0.0,0.0,0.0,0.0,0.0,0.0,0.0,0.0,0.0,0.0,0
1724863815,511382473,gpsid,0,0,51.588905,-0.229726,0.0,0.0,0.0,0.0,0.0,0.0,0.0,0.0,0.0,0.0,0
1724863816,11271565,gpsid,0,0,51.588908,-0.229738,0.0,0.0,0.0,0.0,0.0,0.0,0.0,0.0,0.0,0.0,0
1724863816,511243472,gpsid,0,0,51.588908,-0.229738,0.0,0.0,0.0,0.0,0.0,0.0,0.0,0.0,0.0,0.0,0
1724863817,11146750,gpsid,0,0,51.588911,-0.229751,0.0,0.0,0.0,0.0,0.0,0.0,0.0,0.0,0.0,0.0,0
1724863817,511169379,gpsid,0,0,51.588911,-0.229751,0.0,0.0,0.0,0.0,0.0,0.0,0.0,0.0,0.0,0.0,0
1724863818,11219008,gpsid,0,0,51.588913,-0.229768,0.0,0.0,0.0,0.0,0.0,0.0,0.0,0.0,0.0,0.0,0
1724863818,511580249,gpsid,0,0,51.588913,-0.229768,0.0,0.0,0.0,0.0,0.0,0.0,0.0,0.0,0.0,0.0,0
1724863819,11260693,gpsid,0,0,51.588913,-0.229786,0.0,0.0,0.0,0.0,0.0,0.0,0.0,0.0,0.0,0.0,0
1724863819,511189396,gpsid,0,0,51.588913,-0.229786,0.0,0.0,0.0,0.0,0.0,0.0,0.0,0.0,0.0,0.0,0
1724863820,11222915,gpsid,0,0,51.588915,-0.229801,0.0,0.0,0.0,0.0,0.0,0.0,0.0,0.0,0.0,0.0,0
1724863820,511554988,gpsid,0,0,51.588915,-0.229801,0.0,0.0,0.0,0.0,0.0,0.0,0.0,0.0,0.0,0.0,0
1724863821,11256692,gpsid,0,0,51.588918,-0.229816,0.0,0.0,0.0,0.0,0.0,0.0,0.0,0.0,0.0,0.0,0
1724863821,511736136,gpsid,0,0,51.588918,-0.229816,0.0,0.0,0.0,0.0,0.0,0.0,0.0,0.0,0.0,0.0,0
1724863822,11278154,gpsid,0,0,51.588923,-0.22983,0.0,0.0,0.0,0.0,0.0,0.0,0.0,0.0,0.0,0.0,0
1724863822,511413617,gpsid,0,0,51.588923,-0.22983,0.0,0.0,0.0,0.0,0.0,0.0,0.0,0.0,0.0,0.0,0
1724863823,11304061,gpsid,0,0,51.58893,-0.229838,0.0,0.0,0.0,0.0,0.0,0.0,0.0,0.0,0.0,0.0,0
1724863823,511211616,gpsid,0,0,51.58893,-0.229838,0.0,0.0,0.0,0.0,0.0,0.0,0.0,0.0,0.0,0.0,0
1724863824,11284542,gpsid,0,0,51.58894,-0.229851,0.0,0.0,0.0,0.0,0.0,0.0,0.0,0.0,0.0,0.0,0
1724863824,511641097,gpsid,0,0,51.58894,-0.229851,0.0,0.0,0.0,0.0,0.0,0.0,0.0,0.0,0.0,0.0,0
1724863825,11664060,gpsid,0,0,51.588953,-0.22986,0.0,0.0,0.0,0.0,0.0,0.0,0.0,0.0,0.0,0.0,0
1724863825,511662615,gpsid,0,0,51.588953,-0.22986,0.0,0.0,0.0,0.0,0.0,0.0,0.0,0.0,0.0,0.0,0
1724863826,11249929,gpsid,0,0,51.588961,-0.229873,0.0,0.0,0.0,0.0,0.0,0.0,0.0,0.0,0.0,0.0,0
1724863826,511164855,gpsid,0,0,51.588961,-0.229873,0.0,0.0,0.0,0.0,0.0,0.0,0.0,0.0,0.0,0.0,0
1724863827,11330355,gpsid,0,0,51.58896,-0.229893,0.0,0.0,0.0,0.0,0.0,0.0,0.0,0.0,0.0,0.0,0
1724863827,511166466,gpsid,0,0,51.58896,-0.229893,0.0,0.0,0.0,0.0,0.0,0.0,0.0,0.0,0.0,0.0,0
1724863828,11846688,gpsid,0,0,51.588963,-0.229913,0.0,0.0,0.0,0.0,0.0,0.0,0.0,0.0,0.0,0.0,0
1724863828,511166409,gpsid,0,0,51.588963,-0.229913,0.0,0.0,0.0,0.0,0.0,0.0,0.0,0.0,0.0,0.0,0
1724863829,12638946,gpsid,0,0,51.58897,-0.229928,0.0,0.0,0.0,0.0,0.0,0.0,0.0,0.0,0.0,0.0,0
1724863829,511286705,gpsid,0,0,51.58897,-0.229928,0.0,0.0,0.0,0.0,0.0,0.0,0.0,0.0,0.0,0.0,0
1724863830,11161760,gpsid,0,0,51.588983,-0.229943,0.0,0.0,0.0,0.0,0.0,0.0,0.0,0.0,0.0,0.0,0
1724863830,511163279,gpsid,0,0,51.588983,-0.229943,0.0,0.0,0.0,0.0,0.0,0.0,0.0,0.0,0.0,0.0,0
1724863831,11667871,gpsid,0,0,51.58899,-0.229965,0.0,0.0,0.0,0.0,0.0,0.0,0.0,0.0,0.0,0.0,0
1724863831,511305667,gpsid,0,0,51.58899,-0.229965,0.0,0.0,0.0,0.0,0.0,0.0,0.0,0.0,0.0,0.0,0
1724863832,12108167,gpsid,0,0,51.588995,-0.229985,0.0,0.0,0.0,0.0,0.0,0.0,0.0,0.0,0.0,0.0,0
1724863832,511517037,gpsid,0,0,51.588995,-0.229985,0.0,0.0,0.0,0.0,0.0,0.0,0.0,0.0,0.0,0.0,0
1724863833,11370462,gpsid,0,0,51.589001,-0.230001,0.0,0.0,0.0,0.0,0.0,0.0,0.0,0.0,0.0,0.0,0
1724863833,511900943,gpsid,0,0,51.589001,-0.230001,0.0,0.0,0.0,0.0,0.0,0.0,0.0,0.0,0.0,0.0,0
1724863834,11290128,gpsid,0,0,51.589005,-0.230015,0.0,0.0,0.0,0.0,0.0,0.0,0.0,0.0,0.0,0.0,0
1724863834,511262535,gpsid,0,0,51.589005,-0.230015,0.0,0.0,0.0,0.0,0.0,0.0,0.0,0.0,0.0,0.0,0
1724863835,11873350,gpsid,0,0,51.589013,-0.230031,0.0,0.0,0.0,0.0,0.0,0.0,0.0,0.0,0.0,0.0,0
1724863835,511229053,gpsid,0,0,51.589013,-0.230031,0.0,0.0,0.0,0.0,0.0,0.0,0.0,0.0,0.0,0.0,0
1724863836,11210535,gpsid,0,0,51.58902,-0.230045,0.0,0.0,0.0,0.0,0.0,0.0,0.0,0.0,0.0,0.0,0
1724863836,511185812,gpsid,0,0,51.58902,-0.230045,0.0,0.0,0.0,0.0,0.0,0.0,0.0,0.0,0.0,0.0,0
1724863837,11271404,gpsid,0,0,51.589026,-0.230051,0.0,0.0,0.0,0.0,0.0,0.0,0.0,0.0,0.0,0.0,0
1724863837,511460663,gpsid,0,0,51.589026,-0.230051,0.0,0.0,0.0,0.0,0.0,0.0,0.0,0.0,0.0,0.0,0
1724863838,11285922,gpsid,0,0,51.589023,-0.230053,0.0,0.0,0.0,0.0,0.0,0.0,0.0,0.0,0.0,0.0,0
1724863838,511565755,gpsid,0,0,51.589023,-0.230053,0.0,0.0,0.0,0.0,0.0,0.0,0.0,0.0,0.0,0.0,0
1724863839,11368588,gpsid,0,0,51.589021,-0.230046,0.0,0.0,0.0,0.0,0.0,0.0,0.0,0.0,0.0,0.0,0
1724863839,511254625,gpsid,0,0,51.589021,-0.230046,0.0,0.0,0.0,0.0,0.0,0.0,0.0,0.0,0.0,0.0,0
1724863840,11897273,gpsid,0,0,51.589025,-0.230038,0.0,0.0,0.0,0.0,0.0,0.0,0.0,0.0,0.0,0.0,0
1724863840,511249310,gpsid,0,0,51.589025,-0.230038,0.0,0.0,0.0,0.0,0.0,0.0,0.0,0.0,0.0,0.0,0
1724863841,11210995,gpsid,0,0,51.589021,-0.230026,0.0,0.0,0.0,0.0,0.0,0.0,0.0,0.0,0.0,0.0,0
1724863841,511129291,gpsid,0,0,51.589021,-0.230026,0.0,0.0,0.0,0.0,0.0,0.0,0.0,0.0,0.0,0.0,0
1724863842,12026272,gpsid,0,0,51.589013,-0.230011,0.0,0.0,0.0,0.0,0.0,0.0,0.0,0.0,0.0,0.0,0
1724863842,511140438,gpsid,0,0,51.589013,-0.230011,0.0,0.0,0.0,0.0,0.0,0.0,0.0,0.0,0.0,0.0,0
1724863843,11256623,gpsid,0,0,51.589028,-0.22999,0.0,0.0,0.0,0.0,0.0,0.0,0.0,0.0,0.0,0.0,0
1724863843,511276252,gpsid,0,0,51.589028,-0.22999,0.0,0.0,0.0,0.0,0.0,0.0,0.0,0.0,0.0,0.0,0
1724863844,10910641,gpsid,0,0,51.589023,-0.229973,0.0,0.0,0.0,0.0,0.0,0.0,0.0,0.0,0.0,0.0,0
1724863844,511477030,gpsid,0,0,51.589023,-0.229973,0.0,0.0,0.0,0.0,0.0,0.0,0.0,0.0,0.0,0.0,0
1724863845,11631937,gpsid,0,0,51.589011,-0.229961,0.0,0.0,0.0,0.0,0.0,0.0,0.0,0.0,0.0,0.0,0
1724863845,511198918,gpsid,0,0,51.589011,-0.229961,0.0,0.0,0.0,0.0,0.0,0.0,0.0,0.0,0.0,0.0,0
1724863846,11603047,gpsid,0,0,51.588998,-0.22995,0.0,0.0,0.0,0.0,0.0,0.0,0.0,0.0,0.0,0.0,0
1724863846,511381788,gpsid,0,0,51.588998,-0.22995,0.0,0.0,0.0,0.0,0.0,0.0,0.0,0.0,0.0,0.0,0
1724863847,11213676,gpsid,0,0,51.588985,-0.22994,0.0,0.0,0.0,0.0,0.0,0.0,0.0,0.0,0.0,0.0,0
1724863847,511184491,gpsid,0,0,51.588985,-0.22994,0.0,0.0,0.0,0.0,0.0,0.0,0.0,0.0,0.0,0.0,0
1724863848,11257990,gpsid,0,0,51.588971,-0.229931,0.0,0.0,0.0,0.0,0.0,0.0,0.0,0.0,0.0,0.0,0
1724863848,511153249,gpsid,0,0,51.588971,-0.229931,0.0,0.0,0.0,0.0,0.0,0.0,0.0,0.0,0.0,0.0,0
1724863849,11337175,gpsid,0,0,51.58896,-0.229926,0.0,0.0,0.0,0.0,0.0,0.0,0.0,0.0,0.0,0.0,0
1724863849,511238749,gpsid,0,0,51.58896,-0.229926,0.0,0.0,0.0,0.0,0.0,0.0,0.0,0.0,0.0,0.0,0
1724863850,12070711,gpsid,0,0,51.58895,-0.229925,0.0,0.0,0.0,0.0,0.0,0.0,0.0,0.0,0.0,0.0,0
1724863850,511152933,gpsid,0,0,51.58895,-0.229925,0.0,0.0,0.0,0.0,0.0,0.0,0.0,0.0,0.0,0.0,0
1724863851,11653803,gpsid,0,0,51.588938,-0.229926,0.0,0.0,0.0,0.0,0.0,0.0,0.0,0.0,0.0,0.0,0
1724863851,511232914,gpsid,0,0,51.588938,-0.229926,0.0,0.0,0.0,0.0,0.0,0.0,0.0,0.0,0.0,0.0,0
1724863852,11255062,gpsid,0,0,51.588931,-0.22993,0.0,0.0,0.0,0.0,0.0,0.0,0.0,0.0,0.0,0.0,0
1724863852,511248673,gpsid,0,0,51.588931,-0.22993,0.0,0.0,0.0,0.0,0.0,0.0,0.0,0.0,0.0,0.0,0
1724863853,11212543,gpsid,0,0,51.588923,-0.229931,0.0,0.0,0.0,0.0,0.0,0.0,0.0,0.0,0.0,0.0,0
1724863853,511141043,gpsid,0,0,51.588923,-0.229931,0.0,0.0,0.0,0.0,0.0,0.0,0.0,0.0,0.0,0.0,0
1724863854,11004542,gpsid,0,0,51.588916,-0.229933,0.0,0.0,0.0,0.0,0.0,0.0,0.0,0.0,0.0,0.0,0
1724863854,511212875,gpsid,0,0,51.588916,-0.229933,0.0,0.0,0.0,0.0,0.0,0.0,0.0,0.0,0.0,0.0,0
1724863855,11300616,gpsid,0,0,51.588911,-0.229931,0.0,0.0,0.0,0.0,0.0,0.0,0.0,0.0,0.0,0.0,0
1724863855,511196134,gpsid,0,0,51.588911,-0.229931,0.0,0.0,0.0,0.0,0.0,0.0,0.0,0.0,0.0,0.0,0
1724863856,11213967,gpsid,0,0,51.588906,-0.229935,0.0,0.0,0.0,0.0,0.0,0.0,0.0,0.0,0.0,0.0,0
1724863856,511268226,gpsid,0,0,51.588906,-0.229935,0.0,0.0,0.0,0.0,0.0,0.0,0.0,0.0,0.0,0.0,0
1724863857,11233911,gpsid,0,0,51.588901,-0.229941,0.0,0.0,0.0,0.0,0.0,0.0,0.0,0.0,0.0,0.0,0
1724863857,511289040,gpsid,0,0,51.588901,-0.229941,0.0,0.0,0.0,0.0,0.0,0.0,0.0,0.0,0.0,0.0,0
1724863858,11265688,gpsid,0,0,51.588895,-0.229948,0.0,0.0,0.0,0.0,0.0,0.0,0.0,0.0,0.0,0.0,0
1724863858,511177225,gpsid,0,0,51.588895,-0.229948,0.0,0.0,0.0,0.0,0.0,0.0,0.0,0.0,0.0,0.0,0
1724863859,11186613,gpsid,0,0,51.58889,-0.229946,0.0,0.0,0.0,0.0,0.0,0.0,0.0,0.0,0.0,0.0,0
1724863859,510817187,gpsid,0,0,51.58889,-0.229946,0.0,0.0,0.0,0.0,0.0,0.0,0.0,0.0,0.0,0.0,0
1724863860,11528187,gpsid,0,0,51.58888,-0.229928,0.0,0.0,0.0,0.0,0.0,0.0,0.0,0.0,0.0,0.0,0
1724863860,511220668,gpsid,0,0,51.58888,-0.229928,0.0,0.0,0.0,0.0,0.0,0.0,0.0,0.0,0.0,0.0,0
1724863861,11224205,gpsid,0,0,51.588866,-0.229911,0.0,0.0,0.0,0.0,0.0,0.0,0.0,0.0,0.0,0.0,0
1724863861,511147575,gpsid,0,0,51.588866,-0.229911,0.0,0.0,0.0,0.0,0.0,0.0,0.0,0.0,0.0,0.0,0
1724863862,11160519,gpsid,0,0,51.588855,-0.229903,0.0,0.0,0.0,0.0,0.0,0.0,0.0,0.0,0.0,0.0,0
1724863862,511240723,gpsid,0,0,51.588855,-0.229903,0.0,0.0,0.0,0.0,0.0,0.0,0.0,0.0,0.0,0.0,0
1724863863,11309463,gpsid,0,0,51.588846,-0.229893,0.0,0.0,0.0,0.0,0.0,0.0,0.0,0.0,0.0,0.0,0
1724863863,511407111,gpsid,0,0,51.588846,-0.229893,0.0,0.0,0.0,0.0,0.0,0.0,0.0,0.0,0.0,0.0,0
1724863864,11185648,gpsid,0,0,51.588838,-0.229886,0.0,0.0,0.0,0.0,0.0,0.0,0.0,0.0,0.0,0.0,0
1724863864,511164592,gpsid,0,0,51.588838,-0.229886,0.0,0.0,0.0,0.0,0.0,0.0,0.0,0.0,0.0,0.0,0
1724863865,11261740,gpsid,0,0,51.588833,-0.229881,0.0,0.0,0.0,0.0,0.0,0.0,0.0,0.0,0.0,0.0,0
1724863865,511186850,gpsid,0,0,51.588833,-0.229881,0.0,0.0,0.0,0.0,0.0,0.0,0.0,0.0,0.0,0.0,0
1724863866,11555572,gpsid,0,0,51.588828,-0.229883,0.0,0.0,0.0,0.0,0.0,0.0,0.0,0.0,0.0,0.0,0
1724863866,511175350,gpsid,0,0,51.588828,-0.229883,0.0,0.0,0.0,0.0,0.0,0.0,0.0,0.0,0.0,0.0,0
1724863867,11246646,gpsid,0,0,51.588821,-0.229885,0.0,0.0,0.0,0.0,0.0,0.0,0.0,0.0,0.0,0.0,0
1724863867,512042294,gpsid,0,0,51.588821,-0.229885,0.0,0.0,0.0,0.0,0.0,0.0,0.0,0.0,0.0,0.0,0
1724863868,11540682,gpsid,0,0,51.588815,-0.229893,0.0,0.0,0.0,0.0,0.0,0.0,0.0,0.0,0.0,0.0,0
1724863868,511244126,gpsid,0,0,51.588815,-0.229893,0.0,0.0,0.0,0.0,0.0,0.0,0.0,0.0,0.0,0.0,0
1724863869,11243663,gpsid,0,0,51.588808,-0.2299,0.0,0.0,0.0,0.0,0.0,0.0,0.0,0.0,0.0,0.0,0
1724863869,511175829,gpsid,0,0,51.588808,-0.2299,0.0,0.0,0.0,0.0,0.0,0.0,0.0,0.0,0.0,0.0,0
1724863870,11260700,gpsid,0,0,51.5888,-0.22991,0.0,0.0,0.0,0.0,0.0,0.0,0.0,0.0,0.0,0.0,0
1724863870,511155384,gpsid,0,0,51.5888,-0.22991,0.0,0.0,0.0,0.0,0.0,0.0,0.0,0.0,0.0,0.0,0
1724863871,11296736,gpsid,0,0,51.588791,-0.229916,0.0,0.0,0.0,0.0,0.0,0.0,0.0,0.0,0.0,0.0,0
1724863871,511343088,gpsid,0,0,51.588791,-0.229916,0.0,0.0,0.0,0.0,0.0,0.0,0.0,0.0,0.0,0.0,0
1724863872,11207921,gpsid,0,0,51.58878,-0.229925,0.0,0.0,0.0,0.0,0.0,0.0,0.0,0.0,0.0,0.0,0
1724863872,511584531,gpsid,0,0,51.58878,-0.229925,0.0,0.0,0.0,0.0,0.0,0.0,0.0,0.0,0.0,0.0,0
1724863873,11216642,gpsid,0,0,51.588768,-0.229938,0.0,0.0,0.0,0.0,0.0,0.0,0.0,0.0,0.0,0.0,0
1724863873,511153883,gpsid,0,0,51.588768,-0.229938,0.0,0.0,0.0,0.0,0.0,0.0,0.0,0.0,0.0,0.0,0
1724863874,11390827,gpsid,0,0,51.58876,-0.229951,0.0,0.0,0.0,0.0,0.0,0.0,0.0,0.0,0.0,0.0,0
1724863874,511205382,gpsid,0,0,51.58876,-0.229951,0.0,0.0,0.0,0.0,0.0,0.0,0.0,0.0,0.0,0.0,0
1724863875,11175363,gpsid,0,0,51.588746,-0.229958,0.0,0.0,0.0,0.0,0.0,0.0,0.0,0.0,0.0,0.0,0
1724863875,511265252,gpsid,0,0,51.588746,-0.229958,0.0,0.0,0.0,0.0,0.0,0.0,0.0,0.0,0.0,0.0,0
1724863876,11205622,gpsid,0,0,51.588736,-0.229968,0.0,0.0,0.0,0.0,0.0,0.0,0.0,0.0,0.0,0.0,0
1724863876,511264196,gpsid,0,0,51.588736,-0.229968,0.0,0.0,0.0,0.0,0.0,0.0,0.0,0.0,0.0,0.0,0
1724863877,11292492,gpsid,0,0,51.588725,-0.229978,0.0,0.0,0.0,0.0,0.0,0.0,0.0,0.0,0.0,0.0,0
1724863877,511211769,gpsid,0,0,51.588725,-0.229978,0.0,0.0,0.0,0.0,0.0,0.0,0.0,0.0,0.0,0.0,0
1724863878,11201602,gpsid,0,0,51.588713,-0.229986,0.0,0.0,0.0,0.0,0.0,0.0,0.0,0.0,0.0,0.0,0
1724863878,512635157,gpsid,0,0,51.588713,-0.229986,0.0,0.0,0.0,0.0,0.0,0.0,0.0,0.0,0.0,0.0,0
1724863879,11257842,gpsid,0,0,51.588701,-0.229993,0.0,0.0,0.0,0.0,0.0,0.0,0.0,0.0,0.0,0.0,0
1724863879,511692583,gpsid,0,0,51.588701,-0.229993,0.0,0.0,0.0,0.0,0.0,0.0,0.0,0.0,0.0,0.0,0
1724863880,11259342,gpsid,0,0,51.58869,-0.230003,0.0,0.0,0.0,0.0,0.0,0.0,0.0,0.0,0.0,0.0,0
1724863880,511180027,gpsid,0,0,51.58869,-0.230003,0.0,0.0,0.0,0.0,0.0,0.0,0.0,0.0,0.0,0.0,0
1724863881,11256749,gpsid,0,0,51.588676,-0.230008,0.0,0.0,0.0,0.0,0.0,0.0,0.0,0.0,0.0,0.0,0
1724863881,511643637,gpsid,0,0,51.588676,-0.230008,0.0,0.0,0.0,0.0,0.0,0.0,0.0,0.0,0.0,0.0,0
1724863882,11284748,gpsid,0,0,51.588665,-0.230023,0.0,0.0,0.0,0.0,0.0,0.0,0.0,0.0,0.0,0.0,0
1724863882,510828174,gpsid,0,0,51.588665,-0.230023,0.0,0.0,0.0,0.0,0.0,0.0,0.0,0.0,0.0,0.0,0
1724863883,11330136,gpsid,0,0,51.588653,-0.230031,0.0,0.0,0.0,0.0,0.0,0.0,0.0,0.0,0.0,0.0,0
1724863883,511113340,gpsid,0,0,51.588653,-0.230031,0.0,0.0,0.0,0.0,0.0,0.0,0.0,0.0,0.0,0.0,0
1724863884,11231487,gpsid,0,0,51.58864,-0.23004,0.0,0.0,0.0,0.0,0.0,0.0,0.0,0.0,0.0,0.0,0
1724863884,511229691,gpsid,0,0,51.58864,-0.23004,0.0,0.0,0.0,0.0,0.0,0.0,0.0,0.0,0.0,0.0,0
1724863885,10975209,gpsid,0,0,51.588628,-0.230043,0.0,0.0,0.0,0.0,0.0,0.0,0.0,0.0,0.0,0.0,0
1724863885,511988172,gpsid,0,0,51.588628,-0.230043,0.0,0.0,0.0,0.0,0.0,0.0,0.0,0.0,0.0,0.0,0
1724863886,11187949,gpsid,0,0,51.588621,-0.230051,0.0,0.0,0.0,0.0,0.0,0.0,0.0,0.0,0.0,0.0,0
1724863886,511199393,gpsid,0,0,51.588621,-0.230051,0.0,0.0,0.0,0.0,0.0,0.0,0.0,0.0,0.0,0.0,0
1724863887,10925097,gpsid,0,0,51.588621,-0.230061,0.0,0.0,0.0,0.0,0.0,0.0,0.0,0.0,0.0,0.0,0
1724863887,511231541,gpsid,0,0,51.588621,-0.230061,0.0,0.0,0.0,0.0,0.0,0.0,0.0,0.0,0.0,0.0,0
1724863888,11386485,gpsid,0,0,51.588621,-0.230058,0.0,0.0,0.0,0.0,0.0,0.0,0.0,0.0,0.0,0.0,0
1724863888,510878985,gpsid,0,0,51.588621,-0.230058,0.0,0.0,0.0,0.0,0.0,0.0,0.0,0.0,0.0,0.0,0
1724863889,10841225,gpsid,0,0,51.588628,-0.230053,0.0,0.0,0.0,0.0,0.0,0.0,0.0,0.0,0.0,0.0,0
1724863889,510740225,gpsid,0,0,51.588628,-0.230053,0.0,0.0,0.0,0.0,0.0,0.0,0.0,0.0,0.0,0.0,0
1724863890,10860576,gpsid,0,0,51.588638,-0.230055,0.0,0.0,0.0,0.0,0.0,0.0,0.0,0.0,0.0,0.0,0
1724863890,510843021,gpsid,0,0,51.588638,-0.230055,0.0,0.0,0.0,0.0,0.0,0.0,0.0,0.0,0.0,0.0,0
1724863891,11587020,gpsid,0,0,51.588651,-0.230048,0.0,0.0,0.0,0.0,0.0,0.0,0.0,0.0,0.0,0.0,0
1724863891,511026446,gpsid,0,0,51.588651,-0.230048,0.0,0.0,0.0,0.0,0.0,0.0,0.0,0.0,0.0,0.0,0
1724863892,10893242,gpsid,0,0,51.588646,-0.230015,0.0,0.0,0.0,0.0,0.0,0.0,0.0,0.0,0.0,0.0,0
1724863892,512067390,gpsid,0,0,51.588646,-0.230015,0.0,0.0,0.0,0.0,0.0,0.0,0.0,0.0,0.0,0.0,0
1724863893,12075741,gpsid,0,0,51.588651,-0.230006,0.0,0.0,0.0,0.0,0.0,0.0,0.0,0.0,0.0,0.0,0
1724863893,510845037,gpsid,0,0,51.588651,-0.230006,0.0,0.0,0.0,0.0,0.0,0.0,0.0,0.0,0.0,0.0,0
1724863894,10978130,gpsid,0,0,51.58866,-0.229996,0.0,0.0,0.0,0.0,0.0,0.0,0.0,0.0,0.0,0.0,0
1724863894,510873240,gpsid,0,0,51.58866,-0.229996,0.0,0.0,0.0,0.0,0.0,0.0,0.0,0.0,0.0,0.0,0
1724863895,11627629,gpsid,0,0,51.58867,-0.229993,0.0,0.0,0.0,0.0,0.0,0.0,0.0,0.0,0.0,0.0,0
1724863895,511152740,gpsid,0,0,51.58867,-0.229993,0.0,0.0,0.0,0.0,0.0,0.0,0.0,0.0,0.0,0.0,0
1724863896,10931517,gpsid,0,0,51.588678,-0.229991,0.0,0.0,0.0,0.0,0.0,0.0,0.0,0.0,0.0,0.0,0
1724863896,514484202,gpsid,0,0,51.588678,-0.229991,0.0,0.0,0.0,0.0,0.0,0.0,0.0,0.0,0.0,0.0,0
1724863897,11616239,gpsid,0,0,51.588681,-0.230011,0.0,0.0,0.0,0.0,0.0,0.0,0.0,0.0,0.0,0.0,0
1724863897,511225405,gpsid,0,0,51.588681,-0.230011,0.0,0.0,0.0,0.0,0.0,0.0,0.0,0.0,0.0,0.0,0
1724863898,11354146,gpsid,0,0,51.58869,-0.23002,0.0,0.0,0.0,0.0,0.0,0.0,0.0,0.0,0.0,0.0,0
1724863898,511525868,gpsid,0,0,51.58869,-0.23002,0.0,0.0,0.0,0.0,0.0,0.0,0.0,0.0,0.0,0.0,0
1724863899,12574053,gpsid,0,0,51.5887,-0.230025,0.0,0.0,0.0,0.0,0.0,0.0,0.0,0.0,0.0,0.0,0
1724863899,511957849,gpsid,0,0,51.5887,-0.230025,0.0,0.0,0.0,0.0,0.0,0.0,0.0,0.0,0.0,0.0,0
1724863900,8845385,gpsid,0,0,51.5887,-0.230025,0.0,0.0,0.0,0.0,0.0,0.0,0.0,0.0,0.0,0.0,0
1724863900,508953015,gpsid,0,0,51.5887,-0.230025,0.0,0.0,0.0,0.0,0.0,0.0,0.0,0.0,0.0,0.0,0
1724863901,8579570,gpsid,0,0,51.5887,-0.230025,0.0,0.0,0.0,0.0,0.0,0.0,0.0,0.0,0.0,0.0,0
1724863901,508477292,gpsid,0,0,51.5887,-0.230025,0.0,0.0,0.0,0.0,0.0,0.0,0.0,0.0,0.0,0.0,0
1724863902,8477088,gpsid,0,0,51.5887,-0.230025,0.0,0.0,0.0,0.0,0.0,0.0,0.0,0.0,0.0,0.0,0
1724863902,508506199,gpsid,0,0,51.5887,-0.230025,0.0,0.0,0.0,0.0,0.0,0.0,0.0,0.0,0.0,0.0,0
1724863903,8760365,gpsid,0,0,51.5887,-0.230025,0.0,0.0,0.0,0.0,0.0,0.0,0.0,0.0,0.0,0.0,0
1724863903,509090383,gpsid,0,0,51.5887,-0.230025,0.0,0.0,0.0,0.0,0.0,0.0,0.0,0.0,0.0,0.0,0
1724863904,9020142,gpsid,0,0,51.5887,-0.230025,0.0,0.0,0.0,0.0,0.0,0.0,0.0,0.0,0.0,0.0,0
1724863904,508526920,gpsid,0,0,51.5887,-0.230025,0.0,0.0,0.0,0.0,0.0,0.0,0.0,0.0,0.0,0.0,0
1724863905,8733308,gpsid,0,0,51.5887,-0.230025,0.0,0.0,0.0,0.0,0.0,0.0,0.0,0.0,0.0,0.0,0
1724863905,509090215,gpsid,0,0,51.5887,-0.230025,0.0,0.0,0.0,0.0,0.0,0.0,0.0,0.0,0.0,0.0,0
1724863906,8487715,gpsid,0,0,51.5887,-0.230025,0.0,0.0,0.0,0.0,0.0,0.0,0.0,0.0,0.0,0.0,0
1724863906,508631178,gpsid,0,0,51.5887,-0.230025,0.0,0.0,0.0,0.0,0.0,0.0,0.0,0.0,0.0,0.0,0
